game_num,completed_at,first_guess,word,turns
0,2022-01-12 01:21:37.100346,about,ipsum,3
0,2022-01-12 01:21:37.211633,their,check,2
0,2022-01-12 01:21:37.332907,there,sieur,4
0,2022-01-12 01:21:37.485601,which,nodal,6
0,2022-01-12 01:21:37.603425,would,meals,4
0,2022-01-12 01:21:37.723885,other,surly,5
0,2022-01-12 01:21:37.845355,after,cloud,4
0,2022-01-12 01:21:37.962257,first,nantz,8
0,2022-01-12 01:21:38.082179,think,intel,3
0,2022-01-12 01:21:38.193910,could,chine,5
0,2022-01-12 01:21:38.314911,these,stage,3
0,2022-01-12 01:21:38.431097,where,twine,3
0,2022-01-12 01:21:38.549201,right,craic,5
0,2022-01-12 01:21:38.667747,years,alder,6
0,2022-01-12 01:21:38.787278,being,aaron,4
0,2022-01-12 01:21:38.921211,going,blase,8
0,2022-01-12 01:21:39.051922,still,edema,5
0,2022-01-12 01:21:39.171096,never,primo,4
0,2022-01-12 01:21:39.289414,those,sacks,6
0,2022-01-12 01:21:39.412393,world,socom,6
0,2022-01-12 01:22:12.050691,about,gerri,5
1,2022-01-12 01:22:12.164107,about,logos,4
2,2022-01-12 01:22:12.293202,about,pairs,3
3,2022-01-12 01:22:12.402935,about,tyner,5
4,2022-01-12 01:22:12.513941,about,boils,3
5,2022-01-12 01:22:12.634338,about,buona,2
6,2022-01-12 01:22:12.786006,about,eider,7
7,2022-01-12 01:22:12.917250,about,chaka,6
8,2022-01-12 01:22:13.040885,about,lazlo,5
9,2022-01-12 01:22:13.157226,about,alexi,4
10,2022-01-12 01:22:13.275348,about,gauri,5
11,2022-01-12 01:22:13.396282,about,civic,4
12,2022-01-12 01:22:13.508441,about,krabi,4
13,2022-01-12 01:22:13.627311,about,gorky,5
14,2022-01-12 01:22:13.760665,about,nella,5
15,2022-01-12 01:22:13.871751,about,brave,4
16,2022-01-12 01:22:13.986710,about,jambo,4
17,2022-01-12 01:22:14.112584,about,geary,5
18,2022-01-12 01:22:14.222075,about,twirl,4
19,2022-01-12 01:22:14.350325,about,carpe,7
20,2022-01-12 01:22:14.470627,about,coked,7
21,2022-01-12 01:22:14.595208,about,fusco,7
22,2022-01-12 01:22:14.742411,about,groot,4
23,2022-01-12 01:22:14.859503,about,mused,5
24,2022-01-12 01:22:14.977302,about,barat,4
25,2022-01-12 01:22:15.087526,about,emote,5
26,2022-01-12 01:22:15.217984,about,haifa,5
27,2022-01-12 01:22:15.335711,about,atoms,2
28,2022-01-12 01:22:15.465310,about,nikki,5
29,2022-01-12 01:22:15.602306,about,wesen,4
30,2022-01-12 01:22:15.762709,about,wuhan,4
31,2022-01-12 01:22:15.882389,about,compo,6
32,2022-01-12 01:22:15.998084,about,frond,6
33,2022-01-12 01:22:16.124379,about,reade,5
34,2022-01-12 01:22:16.252049,about,simla,4
35,2022-01-12 01:22:16.376737,about,fixed,5
36,2022-01-12 01:22:16.489987,about,auger,3
37,2022-01-12 01:22:16.620677,about,salem,5
38,2022-01-12 01:22:16.754626,about,cheep,5
39,2022-01-12 01:22:16.894235,about,miele,6
40,2022-01-12 01:22:17.013997,about,cocos,6
41,2022-01-12 01:22:17.139362,about,lysis,5
42,2022-01-12 01:22:17.255178,about,tilak,5
43,2022-01-12 01:22:17.383924,about,paced,5
44,2022-01-12 01:22:17.496107,about,tubby,4
45,2022-01-12 01:22:17.645278,about,palma,4
46,2022-01-12 01:22:17.821768,about,pliny,5
47,2022-01-12 01:22:17.946913,about,stahl,9
48,2022-01-12 01:22:18.067812,about,brava,6
49,2022-01-12 01:22:18.193502,about,heide,5
50,2022-01-12 01:22:18.312136,about,pupil,4
51,2022-01-12 01:22:18.427845,about,bowen,4
52,2022-01-12 01:22:18.562348,about,niner,8
53,2022-01-12 01:22:18.724278,about,engle,5
54,2022-01-12 01:22:18.847449,about,porgy,5
55,2022-01-12 01:22:18.978928,about,deron,6
56,2022-01-12 01:22:19.111954,about,docks,5
57,2022-01-12 01:22:19.240121,about,pedos,4
58,2022-01-12 01:22:19.404456,about,chace,4
59,2022-01-12 01:22:19.533460,about,addie,5
60,2022-01-12 01:22:19.664202,about,estas,5
61,2022-01-12 01:22:19.790763,about,ozark,6
62,2022-01-12 01:22:19.923802,about,novak,5
63,2022-01-12 01:22:20.043945,about,boddy,4
64,2022-01-12 01:22:20.168049,about,ochre,5
65,2022-01-12 01:22:20.284883,about,baugh,4
66,2022-01-12 01:22:20.401142,about,cyrus,3
67,2022-01-12 01:22:20.534366,about,jammy,7
68,2022-01-12 01:22:20.663665,about,epics,4
69,2022-01-12 01:22:20.807275,about,vicki,5
70,2022-01-12 01:22:20.939097,about,torah,4
71,2022-01-12 01:22:21.069745,about,mazes,5
72,2022-01-12 01:22:21.180492,about,touts,3
73,2022-01-12 01:22:21.295573,about,crows,5
74,2022-01-12 01:22:21.561863,about,ching,6
75,2022-01-12 01:22:21.686738,about,dutch,3
76,2022-01-12 01:22:21.826951,about,kress,6
77,2022-01-12 01:22:21.949329,about,froze,6
78,2022-01-12 01:22:22.120540,about,abbey,2
79,2022-01-12 01:22:22.279239,about,dylan,4
80,2022-01-12 01:22:22.421344,about,thins,5
81,2022-01-12 01:22:22.616915,about,dusts,6
82,2022-01-12 01:22:22.838939,about,lotta,4
83,2022-01-12 01:22:23.118360,about,wythe,6
84,2022-01-12 01:22:23.328109,about,avian,4
85,2022-01-12 01:22:23.925793,about,divya,5
86,2022-01-12 01:22:24.503607,about,vitae,4
87,2022-01-12 01:22:24.795368,about,break,3
88,2022-01-12 01:22:25.140462,about,viner,5
89,2022-01-12 01:22:25.511645,about,torso,4
90,2022-01-12 01:22:25.786352,about,abdur,3
91,2022-01-12 01:22:26.204379,about,fagan,4
92,2022-01-12 01:22:26.508099,about,lofty,5
93,2022-01-12 01:22:27.017329,about,feder,5
94,2022-01-12 01:22:27.218173,about,ficus,5
95,2022-01-12 01:22:27.520212,about,fitch,8
96,2022-01-12 01:22:27.765476,about,duals,5
97,2022-01-12 01:22:27.929099,about,finke,8
98,2022-01-12 01:22:28.061516,about,lense,6
99,2022-01-12 01:22:28.201444,about,spanx,6
0,2022-01-12 01:22:28.330830,their,rapey,5
1,2022-01-12 01:22:28.453451,their,irvin,5
2,2022-01-12 01:22:28.643411,their,keene,3
3,2022-01-12 01:22:28.762597,their,exper,6
4,2022-01-12 01:22:28.886603,their,peale,3
5,2022-01-12 01:22:29.026932,their,inuit,3
6,2022-01-12 01:22:29.347587,their,nicol,4
7,2022-01-12 01:22:29.632854,their,borgo,7
8,2022-01-12 01:22:30.028620,their,manny,7
9,2022-01-12 01:22:30.485413,their,garza,5
10,2022-01-12 01:22:30.836402,their,gases,4
11,2022-01-12 01:22:31.203080,their,akufo,4
12,2022-01-12 01:22:31.427685,their,pests,6
13,2022-01-12 01:22:31.591426,their,malic,6
14,2022-01-12 01:22:31.840654,their,loath,5
15,2022-01-12 01:22:32.077247,their,bongs,5
16,2022-01-12 01:22:32.311552,their,mopar,4
17,2022-01-12 01:22:32.532135,their,chowk,3
18,2022-01-12 01:22:32.832151,their,ultra,3
19,2022-01-12 01:22:33.010158,their,awful,3
20,2022-01-12 01:22:33.142716,their,willy,5
21,2022-01-12 01:22:33.260513,their,rubik,4
22,2022-01-12 01:22:33.400586,their,towie,4
23,2022-01-12 01:22:33.533767,their,zeros,7
24,2022-01-12 01:22:33.925290,their,whose,3
25,2022-01-12 01:22:34.045962,their,wests,8
26,2022-01-12 01:22:34.169543,their,other,2
27,2022-01-12 01:22:34.289374,their,pyotr,3
28,2022-01-12 01:22:34.453098,their,alloa,5
29,2022-01-12 01:22:34.581320,their,tanah,3
30,2022-01-12 01:22:34.718821,their,pedal,4
31,2022-01-12 01:22:34.841951,their,eared,8
32,2022-01-12 01:22:34.967412,their,louse,4
33,2022-01-12 01:22:35.098604,their,condo,4
34,2022-01-12 01:22:35.218513,their,homie,3
35,2022-01-12 01:22:35.347633,their,haigh,6
36,2022-01-12 01:22:35.508271,their,doled,7
37,2022-01-12 01:22:35.798017,their,stash,3
38,2022-01-12 01:22:36.249593,their,melee,5
39,2022-01-12 01:22:36.416758,their,niang,7
40,2022-01-12 01:22:36.551339,their,edens,3
41,2022-01-12 01:22:36.711364,their,coots,5
42,2022-01-12 01:22:36.840210,their,nimmo,4
43,2022-01-12 01:22:36.975331,their,loong,6
44,2022-01-12 01:22:37.093472,their,shrug,3
45,2022-01-12 01:22:37.216008,their,biggs,4
46,2022-01-12 01:22:37.373561,their,freya,3
47,2022-01-12 01:22:37.600070,their,pasts,7
48,2022-01-12 01:22:37.735729,their,nolan,4
49,2022-01-12 01:22:37.856974,their,credo,7
50,2022-01-12 01:22:37.975477,their,drool,3
51,2022-01-12 01:22:38.088851,their,adept,4
52,2022-01-12 01:22:38.222942,their,f0000,10
53,2022-01-12 01:22:38.362107,their,yukio,5
54,2022-01-12 01:22:38.484063,their,privy,5
55,2022-01-12 01:22:38.633006,their,degas,5
56,2022-01-12 01:22:38.772361,their,gülen,6
57,2022-01-12 01:22:38.899165,their,digby,5
58,2022-01-12 01:22:39.013636,their,heidi,3
59,2022-01-12 01:22:39.143736,their,janie,4
60,2022-01-12 01:22:39.261518,their,chika,6
61,2022-01-12 01:22:39.384111,their,ionic,4
62,2022-01-12 01:22:39.504579,their,ellis,4
63,2022-01-12 01:22:39.630525,their,wogan,4
64,2022-01-12 01:22:39.753432,their,elson,4
65,2022-01-12 01:22:39.874004,their,caned,8
66,2022-01-12 01:22:39.987885,their,izzie,7
67,2022-01-12 01:22:40.106148,their,gülen,6
68,2022-01-12 01:22:40.220646,their,grand,3
69,2022-01-12 01:22:40.340157,their,cardi,5
70,2022-01-12 01:22:40.463593,their,laing,5
71,2022-01-12 01:22:40.581941,their,ramon,6
72,2022-01-12 01:22:40.726125,their,porco,6
73,2022-01-12 01:22:40.854149,their,brann,6
74,2022-01-12 01:22:40.971063,their,paler,6
75,2022-01-12 01:22:41.088575,their,tibor,3
76,2022-01-12 01:22:41.206004,their,doner,4
77,2022-01-12 01:22:41.323001,their,howdy,5
78,2022-01-12 01:22:41.443926,their,amiri,5
79,2022-01-12 01:22:41.552557,their,hotly,3
80,2022-01-12 01:22:41.667700,their,sherm,5
81,2022-01-12 01:22:41.780183,their,hirsh,3
82,2022-01-12 01:22:41.903202,their,ponca,6
83,2022-01-12 01:22:42.012201,their,wacha,8
84,2022-01-12 01:22:42.127144,their,zeiss,4
85,2022-01-12 01:22:42.246845,their,cages,6
86,2022-01-12 01:22:42.366432,their,trier,3
87,2022-01-12 01:22:42.492499,their,kyoko,5
88,2022-01-12 01:22:42.618629,their,mofos,6
89,2022-01-12 01:22:42.757749,their,haigh,6
90,2022-01-12 01:22:42.872169,their,spine,4
91,2022-01-12 01:22:42.999663,their,skull,3
92,2022-01-12 01:22:43.114050,their,trudy,5
93,2022-01-12 01:22:43.238658,their,dunes,5
94,2022-01-12 01:22:43.352395,their,phila,7
95,2022-01-12 01:22:43.474759,their,vizag,3
96,2022-01-12 01:22:43.591279,their,drums,4
97,2022-01-12 01:22:43.711616,their,grier,6
98,2022-01-12 01:22:43.829641,their,welds,6
99,2022-01-12 01:22:43.950880,their,kanda,9
0,2022-01-12 01:22:44.087441,there,clank,4
1,2022-01-12 01:22:44.211839,there,trane,4
2,2022-01-12 01:22:44.356127,there,nylon,4
3,2022-01-12 01:22:44.478221,there,ethan,4
4,2022-01-12 01:22:44.624115,there,ethel,4
5,2022-01-12 01:22:44.749208,there,tokyo,3
6,2022-01-12 01:22:44.868582,there,uhhhh,6
7,2022-01-12 01:22:44.990462,there,vieux,5
8,2022-01-12 01:22:45.130808,there,naman,7
9,2022-01-12 01:22:45.269248,there,jacki,7
10,2022-01-12 01:22:45.392617,there,alive,4
11,2022-01-12 01:22:45.511428,there,maybe,3
12,2022-01-12 01:22:45.628790,there,staci,8
13,2022-01-12 01:22:45.755493,there,wells,5
14,2022-01-12 01:22:45.879335,there,puked,5
15,2022-01-12 01:22:46.011015,there,loins,6
16,2022-01-12 01:22:46.127999,there,trang,5
17,2022-01-12 01:22:46.241480,there,hymen,5
18,2022-01-12 01:22:46.374892,there,foods,4
19,2022-01-12 01:22:46.501370,there,mises,7
20,2022-01-12 01:22:46.650455,there,stool,5
21,2022-01-12 01:22:46.774649,there,steed,6
22,2022-01-12 01:22:46.931455,there,folks,4
23,2022-01-12 01:22:47.069790,there,jamba,7
24,2022-01-12 01:22:47.200943,there,lefty,3
25,2022-01-12 01:22:47.331039,there,sence,3
26,2022-01-12 01:22:47.456685,there,larks,5
27,2022-01-12 01:22:47.578556,there,fanta,6
28,2022-01-12 01:22:47.712514,there,vamos,6
29,2022-01-12 01:22:47.845369,there,fucks,6
30,2022-01-12 01:22:47.958806,there,timey,4
31,2022-01-12 01:22:48.094066,there,amaya,6
32,2022-01-12 01:22:48.214304,there,geeta,4
33,2022-01-12 01:22:48.334266,there,merit,3
34,2022-01-12 01:22:48.457769,there,rider,6
35,2022-01-12 01:22:48.580700,there,ewald,5
36,2022-01-12 01:22:48.698171,there,shiki,7
37,2022-01-12 01:22:48.820882,there,lukes,7
38,2022-01-12 01:22:48.939505,there,surly,4
39,2022-01-12 01:22:49.062751,there,nepal,5
40,2022-01-12 01:22:49.193585,there,bannu,5
41,2022-01-12 01:22:49.309408,there,libro,3
42,2022-01-12 01:22:49.441820,there,kuban,5
43,2022-01-12 01:22:49.559429,there,pesto,4
44,2022-01-12 01:22:49.721712,there,xxxii,6
45,2022-01-12 01:22:49.844625,there,crone,7
46,2022-01-12 01:22:49.983093,there,payin,6
47,2022-01-12 01:22:50.112121,there,jaber,8
48,2022-01-12 01:22:50.246505,there,enjoy,4
49,2022-01-12 01:22:50.361273,there,stork,5
50,2022-01-12 01:22:50.488056,there,bowen,4
51,2022-01-12 01:22:50.611887,there,potty,5
52,2022-01-12 01:22:50.733795,there,press,3
53,2022-01-12 01:22:50.860663,there,abram,5
54,2022-01-12 01:22:50.994114,there,kimmy,5
55,2022-01-12 01:22:51.116727,there,naive,5
56,2022-01-12 01:22:51.247466,there,lobos,6
57,2022-01-12 01:22:51.386946,there,as000,6
58,2022-01-12 01:22:51.508477,there,timmy,4
59,2022-01-12 01:22:51.645770,there,ponca,6
60,2022-01-12 01:22:51.763545,there,hindi,5
61,2022-01-12 01:22:51.899276,there,mould,4
62,2022-01-12 01:22:52.021100,there,sorel,4
63,2022-01-12 01:22:52.146143,there,elven,6
64,2022-01-12 01:22:52.287439,there,javan,5
65,2022-01-12 01:22:52.406332,there,attar,5
66,2022-01-12 01:22:52.518439,there,routh,3
67,2022-01-12 01:22:52.650661,there,jehan,5
68,2022-01-12 01:22:52.783681,there,isley,5
69,2022-01-12 01:22:52.909721,there,rajon,6
70,2022-01-12 01:22:53.037639,there,dryly,4
71,2022-01-12 01:22:53.168627,there,wahoo,6
72,2022-01-12 01:22:53.308297,there,nagin,6
73,2022-01-12 01:22:53.422077,there,mutts,5
74,2022-01-12 01:22:53.543361,there,cuter,6
75,2022-01-12 01:22:53.664265,there,igcse,3
76,2022-01-12 01:22:53.798673,there,bulls,5
77,2022-01-12 01:22:53.912464,there,marry,4
78,2022-01-12 01:22:54.026453,there,niece,3
79,2022-01-12 01:22:54.150880,there,perks,5
80,2022-01-12 01:22:54.287548,there,payin,6
81,2022-01-12 01:22:54.401142,there,hawks,4
82,2022-01-12 01:22:54.516102,there,weitz,5
83,2022-01-12 01:22:54.645236,there,awful,3
84,2022-01-12 01:22:54.778487,there,oasis,5
85,2022-01-12 01:22:54.897521,there,epics,4
86,2022-01-12 01:22:55.028026,there,davis,4
87,2022-01-12 01:22:55.138342,there,tahir,3
88,2022-01-12 01:22:55.260149,there,leaky,6
89,2022-01-12 01:22:55.381398,there,belie,8
90,2022-01-12 01:22:55.518751,there,lavas,6
91,2022-01-12 01:22:55.690728,there,loamy,5
92,2022-01-12 01:22:55.813299,there,heave,5
93,2022-01-12 01:22:55.934178,there,homme,5
94,2022-01-12 01:22:56.048913,there,hasnt,4
95,2022-01-12 01:22:56.166839,there,greed,6
96,2022-01-12 01:22:56.290730,there,drama,5
97,2022-01-12 01:22:56.417585,there,bryon,6
98,2022-01-12 01:22:56.534207,there,flare,4
99,2022-01-12 01:22:56.660656,there,fired,5
0,2022-01-12 01:22:56.817173,which,doyle,4
1,2022-01-12 01:22:56.970935,which,klaas,7
2,2022-01-12 01:22:57.105126,which,tulip,4
3,2022-01-12 01:22:57.222904,which,colby,5
4,2022-01-12 01:22:57.378698,which,pasar,5
5,2022-01-12 01:22:57.533561,which,flyer,5
6,2022-01-12 01:22:57.674099,which,lydia,5
7,2022-01-12 01:22:57.821539,which,slurp,5
8,2022-01-12 01:22:57.944948,which,cakey,6
9,2022-01-12 01:22:58.063312,which,celts,4
10,2022-01-12 01:22:58.191981,which,mcvey,5
11,2022-01-12 01:22:58.345124,which,sloss,6
12,2022-01-12 01:22:58.480438,which,jiggs,8
13,2022-01-12 01:22:58.634305,which,arion,6
14,2022-01-12 01:22:58.781248,which,eakin,7
15,2022-01-12 01:22:58.940400,which,fenty,6
16,2022-01-12 01:22:59.108664,which,taber,4
17,2022-01-12 01:22:59.281277,which,starz,9
18,2022-01-12 01:22:59.429961,which,kasia,7
19,2022-01-12 01:22:59.582796,which,glaxo,5
20,2022-01-12 01:22:59.729581,which,stump,5
21,2022-01-12 01:22:59.848063,which,calma,7
22,2022-01-12 01:22:59.997694,which,elses,5
23,2022-01-12 01:23:00.112941,which,lowen,5
24,2022-01-12 01:23:00.261996,which,geeky,5
25,2022-01-12 01:23:00.383631,which,murph,4
26,2022-01-12 01:23:00.533407,which,rebus,4
27,2022-01-12 01:23:00.681579,which,tarde,4
28,2022-01-12 01:23:00.857861,which,bourn,4
29,2022-01-12 01:23:01.009322,which,saxby,5
30,2022-01-12 01:23:01.157252,which,noooo,6
31,2022-01-12 01:23:01.276043,which,shira,6
32,2022-01-12 01:23:01.435054,which,gaels,5
33,2022-01-12 01:23:01.592810,which,gassy,6
34,2022-01-12 01:23:01.711360,which,utica,4
35,2022-01-12 01:23:01.828535,which,sahel,4
36,2022-01-12 01:23:01.945906,which,thule,6
37,2022-01-12 01:23:02.095310,which,forty,4
38,2022-01-12 01:23:02.213770,which,huffs,7
39,2022-01-12 01:23:02.365118,which,berta,6
40,2022-01-12 01:23:02.483707,which,wider,3
41,2022-01-12 01:23:02.632827,which,festa,6
42,2022-01-12 01:23:02.807091,which,korps,5
43,2022-01-12 01:23:02.926349,which,chats,4
44,2022-01-12 01:23:03.072237,which,sloot,6
45,2022-01-12 01:23:03.185709,which,mecca,3
46,2022-01-12 01:23:03.302901,which,snuck,4
47,2022-01-12 01:23:03.422461,which,aleck,3
48,2022-01-12 01:23:03.566281,which,steps,4
49,2022-01-12 01:23:03.688163,which,mohan,6
50,2022-01-12 01:23:03.828676,which,cilia,4
51,2022-01-12 01:23:03.980393,which,sages,7
52,2022-01-12 01:23:04.097481,which,chyna,5
53,2022-01-12 01:23:04.247016,which,gnats,5
54,2022-01-12 01:23:04.400534,which,quads,5
55,2022-01-12 01:23:04.532324,which,usagi,5
56,2022-01-12 01:23:04.693291,which,raven,6
57,2022-01-12 01:23:04.826734,which,mingo,7
58,2022-01-12 01:23:04.971507,which,terme,5
59,2022-01-12 01:23:05.141027,which,korda,7
60,2022-01-12 01:23:05.278548,which,inman,4
61,2022-01-12 01:23:05.426672,which,plats,5
62,2022-01-12 01:23:05.568423,which,otome,4
63,2022-01-12 01:23:05.692974,which,tried,4
64,2022-01-12 01:23:05.844491,which,nakba,7
65,2022-01-12 01:23:05.989035,which,brags,5
66,2022-01-12 01:23:06.118452,which,arnie,5
67,2022-01-12 01:23:06.252856,which,tunis,5
68,2022-01-12 01:23:06.374653,which,marcy,5
69,2022-01-12 01:23:06.490488,which,hasta,5
70,2022-01-12 01:23:06.653882,which,payer,6
71,2022-01-12 01:23:06.782454,which,wiser,3
72,2022-01-12 01:23:06.947809,which,nampa,6
73,2022-01-12 01:23:07.095023,which,malia,5
74,2022-01-12 01:23:07.220347,which,calla,6
75,2022-01-12 01:23:07.361619,which,maiko,7
76,2022-01-12 01:23:07.515341,which,donne,4
77,2022-01-12 01:23:07.675546,which,vests,7
78,2022-01-12 01:23:07.828777,which,leads,5
79,2022-01-12 01:23:07.980934,which,durga,4
80,2022-01-12 01:23:08.132470,which,meyer,5
81,2022-01-12 01:23:08.252043,which,codec,6
82,2022-01-12 01:23:08.435010,which,duras,5
83,2022-01-12 01:23:08.584105,which,burka,6
84,2022-01-12 01:23:08.733140,which,pours,5
85,2022-01-12 01:23:08.881043,which,platz,5
86,2022-01-12 01:23:09.003846,which,inthe,3
87,2022-01-12 01:23:09.127155,which,raghu,5
88,2022-01-12 01:23:09.260120,which,binns,5
89,2022-01-12 01:23:09.405563,which,meuse,5
90,2022-01-12 01:23:09.542157,which,albin,7
91,2022-01-12 01:23:09.678360,which,luria,4
92,2022-01-12 01:23:09.793209,which,welts,4
93,2022-01-12 01:23:09.936296,which,funke,5
94,2022-01-12 01:23:10.051164,which,twist,3
95,2022-01-12 01:23:10.166742,which,meath,5
96,2022-01-12 01:23:10.303702,which,nines,7
97,2022-01-12 01:23:10.451051,which,pp000,7
98,2022-01-12 01:23:10.602052,which,vanya,6
99,2022-01-12 01:23:10.716903,which,hoffa,6
0,2022-01-12 01:23:10.837410,would,javed,7
1,2022-01-12 01:23:10.980682,would,varia,8
2,2022-01-12 01:23:11.101243,would,flexi,5
3,2022-01-12 01:23:11.227553,would,mushy,4
4,2022-01-12 01:23:11.341776,would,bulls,3
5,2022-01-12 01:23:11.463249,would,dildo,3
6,2022-01-12 01:23:11.588783,would,rubra,5
7,2022-01-12 01:23:11.730719,would,perky,6
8,2022-01-12 01:23:11.870760,would,mitre,4
9,2022-01-12 01:23:12.002961,would,jussi,4
10,2022-01-12 01:23:12.145546,would,verne,5
11,2022-01-12 01:23:12.280794,would,tisha,4
12,2022-01-12 01:23:12.428432,would,casca,6
13,2022-01-12 01:23:12.554857,would,fazio,5
14,2022-01-12 01:23:12.692176,would,cutie,3
15,2022-01-12 01:23:12.816466,would,lymph,4
16,2022-01-12 01:23:12.947593,would,built,2
17,2022-01-12 01:23:13.082076,would,noses,5
18,2022-01-12 01:23:13.227860,would,taken,3
19,2022-01-12 01:23:13.379564,would,kinky,6
20,2022-01-12 01:23:13.503294,would,abuts,4
21,2022-01-12 01:23:13.624010,would,clwyd,2
22,2022-01-12 01:23:13.748461,would,000mw,5
23,2022-01-12 01:23:13.899588,would,r0000,4
24,2022-01-12 01:23:14.036267,would,scott,3
25,2022-01-12 01:23:14.154492,would,sousa,3
26,2022-01-12 01:23:14.295028,would,reitz,4
27,2022-01-12 01:23:14.426917,would,moto3,5
28,2022-01-12 01:23:14.545869,would,baden,5
29,2022-01-12 01:23:14.668278,would,0000d,5
30,2022-01-12 01:23:14.810527,would,rafts,6
31,2022-01-12 01:23:14.951178,would,trite,5
32,2022-01-12 01:23:15.081431,would,roofs,6
33,2022-01-12 01:23:15.218211,would,pffft,5
34,2022-01-12 01:23:15.342156,would,bezos,4
35,2022-01-12 01:23:15.482631,would,peice,5
36,2022-01-12 01:23:15.601789,would,lucio,4
37,2022-01-12 01:23:15.743221,would,tibet,4
38,2022-01-12 01:23:15.882277,would,marne,6
39,2022-01-12 01:23:16.020325,would,bathe,4
40,2022-01-12 01:23:16.132795,would,twirl,3
41,2022-01-12 01:23:16.272684,would,kites,7
42,2022-01-12 01:23:16.386098,would,turds,4
43,2022-01-12 01:23:16.523173,would,armie,4
44,2022-01-12 01:23:16.666386,would,germs,6
45,2022-01-12 01:23:16.790785,would,throb,4
46,2022-01-12 01:23:16.912784,would,syrup,4
47,2022-01-12 01:23:17.064600,would,nanak,6
48,2022-01-12 01:23:17.201779,would,ragin,5
49,2022-01-12 01:23:17.343103,would,viney,6
50,2022-01-12 01:23:17.474304,would,atone,4
51,2022-01-12 01:23:17.609921,would,ganon,5
52,2022-01-12 01:23:17.739591,would,blond,3
53,2022-01-12 01:23:17.889788,would,beter,7
54,2022-01-12 01:23:18.011729,would,swaps,5
55,2022-01-12 01:23:18.135237,would,bully,4
56,2022-01-12 01:23:18.259452,would,marla,6
57,2022-01-12 01:23:18.393898,would,amano,5
58,2022-01-12 01:23:18.547736,would,spies,5
59,2022-01-12 01:23:18.700750,would,matey,5
60,2022-01-12 01:23:18.854343,would,reaps,5
61,2022-01-12 01:23:18.979259,would,weibo,3
62,2022-01-12 01:23:19.111556,would,picot,5
63,2022-01-12 01:23:19.235626,would,turks,5
64,2022-01-12 01:23:19.361090,would,cubby,4
65,2022-01-12 01:23:19.504558,would,feige,4
66,2022-01-12 01:23:19.632010,would,eller,5
67,2022-01-12 01:23:19.746525,would,sweat,3
68,2022-01-12 01:23:19.868781,would,gulab,5
69,2022-01-12 01:23:20.011589,would,mercs,7
70,2022-01-12 01:23:20.135029,would,hopes,5
71,2022-01-12 01:23:20.274683,would,tasty,4
72,2022-01-12 01:23:20.395093,would,human,3
73,2022-01-12 01:23:20.510223,would,pluck,4
74,2022-01-12 01:23:20.627244,would,renly,5
75,2022-01-12 01:23:20.747348,would,lacan,4
76,2022-01-12 01:23:20.867590,would,ducal,4
77,2022-01-12 01:23:20.992943,would,climb,3
78,2022-01-12 01:23:21.114479,would,divot,4
79,2022-01-12 01:23:21.235969,would,jamal,4
80,2022-01-12 01:23:21.503492,would,siler,5
81,2022-01-12 01:23:21.724827,would,bjork,6
82,2022-01-12 01:23:21.848086,would,selig,5
83,2022-01-12 01:23:21.993387,would,rafah,5
84,2022-01-12 01:23:22.121502,would,raoul,3
85,2022-01-12 01:23:22.251172,would,dolor,6
86,2022-01-12 01:23:22.378550,would,olsen,4
87,2022-01-12 01:23:22.515745,would,boggs,5
88,2022-01-12 01:23:22.661480,would,pitta,5
89,2022-01-12 01:23:22.802393,would,saarc,5
90,2022-01-12 01:23:22.935426,would,coffs,8
91,2022-01-12 01:23:23.061592,would,baloo,4
92,2022-01-12 01:23:23.199116,would,lilia,6
93,2022-01-12 01:23:23.318061,would,kayla,4
94,2022-01-12 01:23:23.462116,would,zarya,4
95,2022-01-12 01:23:23.582271,would,tyrod,4
96,2022-01-12 01:23:23.727986,would,macys,6
97,2022-01-12 01:23:23.844560,would,asura,5
98,2022-01-12 01:23:23.971618,would,poise,5
99,2022-01-12 01:23:24.114648,would,janey,4
0,2022-01-12 01:23:24.238651,other,amgen,4
1,2022-01-12 01:23:24.365618,other,momma,6
2,2022-01-12 01:23:24.496570,other,wayyy,7
3,2022-01-12 01:23:24.608492,other,party,3
4,2022-01-12 01:23:24.730027,other,gagne,4
5,2022-01-12 01:23:24.861297,other,yukio,5
6,2022-01-12 01:23:24.982918,other,pithy,4
7,2022-01-12 01:23:25.116207,other,lilli,7
8,2022-01-12 01:23:25.240169,other,plait,5
9,2022-01-12 01:23:25.359767,other,navel,4
10,2022-01-12 01:23:25.483135,other,index,3
11,2022-01-12 01:23:25.606630,other,threw,3
12,2022-01-12 01:23:25.723962,other,filet,4
13,2022-01-12 01:23:25.844970,other,ollie,4
14,2022-01-12 01:23:25.960814,other,south,2
15,2022-01-12 01:23:26.082471,other,brule,5
16,2022-01-12 01:23:26.200288,other,chefs,6
17,2022-01-12 01:23:26.329350,other,trobe,5
18,2022-01-12 01:23:26.451949,other,earns,4
19,2022-01-12 01:23:26.565974,other,porky,6
20,2022-01-12 01:23:26.678937,other,ghani,6
21,2022-01-12 01:23:26.793375,other,donte,7
22,2022-01-12 01:23:26.921012,other,pricy,6
23,2022-01-12 01:23:27.059698,other,comme,5
24,2022-01-12 01:23:27.184989,other,mazel,5
25,2022-01-12 01:23:27.309593,other,kovac,5
26,2022-01-12 01:23:27.436473,other,glass,3
27,2022-01-12 01:23:27.568197,other,gilad,4
28,2022-01-12 01:23:27.714798,other,yegor,6
29,2022-01-12 01:23:27.840837,other,000kb,8
30,2022-01-12 01:23:27.956346,other,merwe,6
31,2022-01-12 01:23:28.078808,other,float,3
32,2022-01-12 01:23:28.210969,other,geeks,5
33,2022-01-12 01:23:28.343955,other,maher,3
34,2022-01-12 01:23:28.468102,other,arroz,4
35,2022-01-12 01:23:28.592604,other,metre,4
36,2022-01-12 01:23:28.716249,other,shiba,6
37,2022-01-12 01:23:28.834096,other,germs,5
38,2022-01-12 01:23:28.949944,other,below,3
39,2022-01-12 01:23:29.076700,other,crank,6
40,2022-01-12 01:23:29.212221,other,mains,5
41,2022-01-12 01:23:29.326178,other,gabor,4
42,2022-01-12 01:23:29.453534,other,allan,3
43,2022-01-12 01:23:29.581417,other,unsub,5
44,2022-01-12 01:23:29.731309,other,cress,5
45,2022-01-12 01:23:29.848084,other,shuai,4
46,2022-01-12 01:23:29.973068,other,suing,4
47,2022-01-12 01:23:30.088341,other,vouch,5
48,2022-01-12 01:23:30.210258,other,capex,4
49,2022-01-12 01:23:30.327387,other,jules,5
50,2022-01-12 01:23:30.454975,other,binny,8
51,2022-01-12 01:23:30.576414,other,jesús,6
52,2022-01-12 01:23:30.704436,other,fuqua,5
53,2022-01-12 01:23:30.830314,other,000bn,4
54,2022-01-12 01:23:30.945090,other,jafar,5
55,2022-01-12 01:23:31.064101,other,prize,5
56,2022-01-12 01:23:31.180133,other,dooms,7
57,2022-01-12 01:23:31.307856,other,calla,5
58,2022-01-12 01:23:31.437662,other,kapil,6
59,2022-01-12 01:23:31.550881,other,melty,4
60,2022-01-12 01:23:31.663431,other,miser,7
61,2022-01-12 01:23:31.787240,other,devan,6
62,2022-01-12 01:23:31.903544,other,binet,5
63,2022-01-12 01:23:32.014317,other,gator,3
64,2022-01-12 01:23:32.129104,other,tigre,3
65,2022-01-12 01:23:32.245443,other,hoyle,5
66,2022-01-12 01:23:32.368019,other,navel,4
67,2022-01-12 01:23:32.483017,other,mists,4
68,2022-01-12 01:23:32.600351,other,foote,3
69,2022-01-12 01:23:32.714726,other,kakao,6
70,2022-01-12 01:23:32.836251,other,willy,5
71,2022-01-12 01:23:32.955213,other,glide,4
72,2022-01-12 01:23:33.071143,other,maori,5
73,2022-01-12 01:23:33.186044,other,sawed,5
74,2022-01-12 01:23:33.301590,other,eager,6
75,2022-01-12 01:23:33.418634,other,wonga,5
76,2022-01-12 01:23:33.530705,other,tikka,5
77,2022-01-12 01:23:33.648102,other,haile,3
78,2022-01-12 01:23:33.764819,other,emcee,5
79,2022-01-12 01:23:33.879076,other,katey,7
80,2022-01-12 01:23:34.002083,other,rolla,5
81,2022-01-12 01:23:34.165879,other,splay,4
82,2022-01-12 01:23:34.278250,other,johan,3
83,2022-01-12 01:23:34.394551,other,robin,5
84,2022-01-12 01:23:34.525914,other,ferns,7
85,2022-01-12 01:23:34.654139,other,dulce,4
86,2022-01-12 01:23:34.776925,other,clave,5
87,2022-01-12 01:23:34.893263,other,mints,5
88,2022-01-12 01:23:35.016622,other,torts,7
89,2022-01-12 01:23:35.141639,other,tioga,3
90,2022-01-12 01:23:35.261285,other,stank,8
91,2022-01-12 01:23:35.380887,other,chook,6
92,2022-01-12 01:23:35.518211,other,banga,5
93,2022-01-12 01:23:35.642987,other,rosin,5
94,2022-01-12 01:23:35.794940,other,bebop,4
95,2022-01-12 01:23:35.920941,other,erste,5
96,2022-01-12 01:23:36.036965,other,czech,4
97,2022-01-12 01:23:36.172410,other,songz,5
98,2022-01-12 01:23:36.313745,other,bayer,6
99,2022-01-12 01:23:36.431275,other,colin,4
0,2022-01-12 01:23:36.557005,after,rimes,6
1,2022-01-12 01:23:36.708988,after,igloo,5
2,2022-01-12 01:23:36.825804,after,zetas,4
3,2022-01-12 01:23:36.938844,after,tighe,3
4,2022-01-12 01:23:37.050951,after,whiff,4
5,2022-01-12 01:23:37.172633,after,likes,5
6,2022-01-12 01:23:37.295469,after,lysol,5
7,2022-01-12 01:23:37.428148,after,hajji,10
8,2022-01-12 01:23:37.551638,after,gatto,7
9,2022-01-12 01:23:37.679771,after,blake,5
10,2022-01-12 01:23:37.804866,after,chasm,4
11,2022-01-12 01:23:37.927009,after,levin,4
12,2022-01-12 01:23:38.053387,after,haile,7
13,2022-01-12 01:23:38.182717,after,harks,7
14,2022-01-12 01:23:38.319072,after,junks,7
15,2022-01-12 01:23:38.440433,after,astra,3
16,2022-01-12 01:23:38.571220,after,towel,4
17,2022-01-12 01:23:38.693805,after,raitt,4
18,2022-01-12 01:23:38.814107,after,keshi,6
19,2022-01-12 01:23:38.935689,after,chump,4
20,2022-01-12 01:23:39.047300,after,hunts,4
21,2022-01-12 01:23:39.173098,after,probe,5
22,2022-01-12 01:23:39.289186,after,wharf,4
23,2022-01-12 01:23:39.402933,after,melts,5
24,2022-01-12 01:23:39.515483,after,greer,6
25,2022-01-12 01:23:39.638078,after,genki,5
26,2022-01-12 01:23:39.769701,after,vidya,4
27,2022-01-12 01:23:39.880762,after,frown,3
28,2022-01-12 01:23:40.018713,after,songz,5
29,2022-01-12 01:23:40.140620,after,welts,7
30,2022-01-12 01:23:40.268864,after,veera,5
31,2022-01-12 01:23:40.403625,after,shack,5
32,2022-01-12 01:23:40.519839,after,yokes,4
33,2022-01-12 01:23:40.637501,after,crocs,5
34,2022-01-12 01:23:40.773953,after,g0000,5
35,2022-01-12 01:23:40.890614,after,puffs,5
36,2022-01-12 01:23:41.023698,after,ulsan,4
37,2022-01-12 01:23:41.156490,after,clank,4
38,2022-01-12 01:23:41.286616,after,souza,6
39,2022-01-12 01:23:41.404643,after,upper,5
40,2022-01-12 01:23:41.521176,after,beets,5
41,2022-01-12 01:23:41.636694,after,elses,6
42,2022-01-12 01:23:41.770720,after,jaxon,7
43,2022-01-12 01:23:41.895378,after,ennio,5
44,2022-01-12 01:23:42.021141,after,cease,4
45,2022-01-12 01:23:42.156096,after,hairy,3
46,2022-01-12 01:23:42.273615,after,emerg,4
47,2022-01-12 01:23:42.392107,after,prise,7
48,2022-01-12 01:23:42.504429,after,telex,7
49,2022-01-12 01:23:42.625614,after,stahl,6
50,2022-01-12 01:23:42.748611,after,aetna,2
51,2022-01-12 01:23:42.868878,after,dovey,7
52,2022-01-12 01:23:42.999139,after,vulva,5
53,2022-01-12 01:23:43.116545,after,reena,5
54,2022-01-12 01:23:43.233197,after,arson,4
55,2022-01-12 01:23:43.359116,after,weibo,3
56,2022-01-12 01:23:43.501402,after,banco,7
57,2022-01-12 01:23:43.626067,after,crack,3
58,2022-01-12 01:23:43.750160,after,patti,4
59,2022-01-12 01:23:43.870340,after,techs,3
60,2022-01-12 01:23:43.999542,after,vapor,5
61,2022-01-12 01:23:44.124187,after,sapir,6
62,2022-01-12 01:23:44.242898,after,cline,5
63,2022-01-12 01:23:44.378039,after,codon,5
64,2022-01-12 01:23:44.505475,after,vicki,5
65,2022-01-12 01:23:44.622171,after,adler,4
66,2022-01-12 01:23:44.748252,after,scary,4
67,2022-01-12 01:23:44.864496,after,roode,8
68,2022-01-12 01:23:44.987798,after,yolks,4
69,2022-01-12 01:23:45.109139,after,plebs,4
70,2022-01-12 01:23:45.227514,after,esper,5
71,2022-01-12 01:23:45.355715,after,hawks,4
72,2022-01-12 01:23:45.471509,after,pratt,5
73,2022-01-12 01:23:45.583728,after,defer,3
74,2022-01-12 01:23:45.698699,after,toshi,4
75,2022-01-12 01:23:45.815019,after,abies,6
76,2022-01-12 01:23:45.941741,after,plays,5
77,2022-01-12 01:23:46.074270,after,bajwa,6
78,2022-01-12 01:23:46.200061,after,lasso,4
79,2022-01-12 01:23:46.323442,after,était,5
80,2022-01-12 01:23:46.441763,after,buyer,6
81,2022-01-12 01:23:46.555188,after,prato,6
82,2022-01-12 01:23:46.667988,after,hints,4
83,2022-01-12 01:23:46.783843,after,wmata,4
84,2022-01-12 01:23:46.900785,after,penny,3
85,2022-01-12 01:23:47.022538,after,cubic,4
86,2022-01-12 01:23:47.148389,after,000ms,5
87,2022-01-12 01:23:47.267586,after,gluck,5
88,2022-01-12 01:23:47.387142,after,krabi,5
89,2022-01-12 01:23:47.506853,after,maeve,7
90,2022-01-12 01:23:47.635296,after,havok,6
91,2022-01-12 01:23:47.756309,after,smock,6
92,2022-01-12 01:23:47.869830,after,aesop,4
93,2022-01-12 01:23:47.987492,after,lucid,4
94,2022-01-12 01:23:48.096964,after,bjorn,6
95,2022-01-12 01:23:48.220019,after,colin,5
96,2022-01-12 01:23:48.353419,after,jakub,7
97,2022-01-12 01:23:48.475213,after,dusky,6
98,2022-01-12 01:23:48.588799,after,alena,5
99,2022-01-12 01:23:48.714204,after,emoji,5
0,2022-01-12 01:23:48.830937,first,autre,5
1,2022-01-12 01:23:48.968085,first,cynon,5
2,2022-01-12 01:23:49.085052,first,piero,3
3,2022-01-12 01:23:49.216205,first,canoe,5
4,2022-01-12 01:23:49.336072,first,goner,7
5,2022-01-12 01:23:49.448884,first,tacks,6
6,2022-01-12 01:23:49.568394,first,pumps,6
7,2022-01-12 01:23:49.688060,first,banes,7
8,2022-01-12 01:23:49.809516,first,amida,5
9,2022-01-12 01:23:49.920906,first,toner,4
10,2022-01-12 01:23:50.081518,first,bobbi,5
11,2022-01-12 01:23:50.197551,first,linus,4
12,2022-01-12 01:23:50.311038,first,grata,4
13,2022-01-12 01:23:50.424091,first,emote,5
14,2022-01-12 01:23:50.537474,first,elite,4
15,2022-01-12 01:23:50.650639,first,tiene,4
16,2022-01-12 01:23:50.774319,first,omnia,6
17,2022-01-12 01:23:50.883660,first,fewer,3
18,2022-01-12 01:23:51.006842,first,finds,3
19,2022-01-12 01:23:51.129915,first,aegis,5
20,2022-01-12 01:23:51.258166,first,aubry,4
21,2022-01-12 01:23:51.371969,first,taper,5
22,2022-01-12 01:23:51.491926,first,deeps,5
23,2022-01-12 01:23:51.655550,first,nanak,6
24,2022-01-12 01:23:51.774431,first,vitor,4
25,2022-01-12 01:23:51.899546,first,rough,4
26,2022-01-12 01:23:52.039846,first,idiom,5
27,2022-01-12 01:23:52.182163,first,neely,5
28,2022-01-12 01:23:52.306247,first,salty,4
29,2022-01-12 01:23:52.426400,first,mitzi,6
30,2022-01-12 01:23:52.537824,first,stent,4
31,2022-01-12 01:23:52.654874,first,paltz,5
32,2022-01-12 01:23:52.798955,first,hough,6
33,2022-01-12 01:23:52.919391,first,flaws,5
34,2022-01-12 01:23:53.042334,first,hails,7
35,2022-01-12 01:23:53.161872,first,lochs,6
36,2022-01-12 01:23:53.306577,first,naman,7
37,2022-01-12 01:23:53.433854,first,parka,6
38,2022-01-12 01:23:53.559831,first,deals,4
39,2022-01-12 01:23:53.682770,first,track,3
40,2022-01-12 01:23:53.806162,first,minty,5
41,2022-01-12 01:23:53.928899,first,murry,5
42,2022-01-12 01:23:54.064556,first,clegg,4
43,2022-01-12 01:23:54.175426,first,feign,3
44,2022-01-12 01:23:54.298124,first,ernst,4
45,2022-01-12 01:23:54.413044,first,orsay,4
46,2022-01-12 01:23:54.529417,first,otten,5
47,2022-01-12 01:23:54.651758,first,hands,3
48,2022-01-12 01:23:54.775300,first,tanto,4
49,2022-01-12 01:23:54.913863,first,gazza,6
50,2022-01-12 01:23:55.029519,first,burry,5
51,2022-01-12 01:23:55.155025,first,sence,5
52,2022-01-12 01:23:55.272946,first,adapt,4
53,2022-01-12 01:23:55.403517,first,alloa,5
54,2022-01-12 01:23:55.541017,first,jocko,5
55,2022-01-12 01:23:55.670968,first,seale,4
56,2022-01-12 01:23:55.798149,first,greer,5
57,2022-01-12 01:23:55.926442,first,lucic,5
58,2022-01-12 01:23:56.043860,first,faust,3
59,2022-01-12 01:23:56.161460,first,erich,5
60,2022-01-12 01:23:56.278868,first,diene,4
61,2022-01-12 01:23:56.411054,first,goals,4
62,2022-01-12 01:23:56.542499,first,shiga,6
63,2022-01-12 01:23:56.668604,first,gipsy,3
64,2022-01-12 01:23:56.813501,first,label,5
65,2022-01-12 01:23:56.932801,first,posse,4
66,2022-01-12 01:23:57.061059,first,ramis,3
67,2022-01-12 01:23:57.186484,first,madre,4
68,2022-01-12 01:23:57.320739,first,verna,5
69,2022-01-12 01:23:57.445598,first,braun,4
70,2022-01-12 01:23:57.561689,first,shrug,5
71,2022-01-12 01:23:57.679342,first,strat,3
72,2022-01-12 01:23:57.809453,first,yondu,4
73,2022-01-12 01:23:57.922728,first,fetid,3
74,2022-01-12 01:23:58.044341,first,boson,5
75,2022-01-12 01:23:58.151888,first,aloof,4
76,2022-01-12 01:23:58.272755,first,malls,6
77,2022-01-12 01:23:58.391027,first,wroth,4
78,2022-01-12 01:23:58.509203,first,lowes,6
79,2022-01-12 01:23:58.625744,first,pusan,4
80,2022-01-12 01:23:58.742240,first,taleb,5
81,2022-01-12 01:23:58.876360,first,conny,6
82,2022-01-12 01:23:58.999809,first,erste,4
83,2022-01-12 01:23:59.136089,first,klara,5
84,2022-01-12 01:23:59.269208,first,benin,6
85,2022-01-12 01:23:59.397518,first,birks,4
86,2022-01-12 01:23:59.534037,first,mango,4
87,2022-01-12 01:23:59.653661,first,brain,3
88,2022-01-12 01:23:59.778597,first,match,4
89,2022-01-12 01:23:59.907767,first,noice,4
90,2022-01-12 01:24:00.032457,first,malts,6
91,2022-01-12 01:24:00.154551,first,timer,3
92,2022-01-12 01:24:00.282902,first,jokes,5
93,2022-01-12 01:24:00.407793,first,trams,6
94,2022-01-12 01:24:00.542281,first,denby,5
95,2022-01-12 01:24:00.666330,first,hippy,7
96,2022-01-12 01:24:00.799111,first,andie,5
97,2022-01-12 01:24:00.917503,first,afzal,3
98,2022-01-12 01:24:01.042973,first,verry,9
99,2022-01-12 01:24:01.159916,first,frees,3
0,2022-01-12 01:24:01.308678,think,lauer,4
1,2022-01-12 01:24:01.432195,think,canio,4
2,2022-01-12 01:24:01.576903,think,sealy,6
3,2022-01-12 01:24:01.705297,think,irvin,6
4,2022-01-12 01:24:01.852536,think,gerry,9
5,2022-01-12 01:24:01.985985,think,inman,5
6,2022-01-12 01:24:02.117517,think,onsen,5
7,2022-01-12 01:24:02.235321,think,hirai,5
8,2022-01-12 01:24:02.362211,think,klose,4
9,2022-01-12 01:24:02.482641,think,knick,2
10,2022-01-12 01:24:02.598476,think,sainz,5
11,2022-01-12 01:24:02.724083,think,limon,4
12,2022-01-12 01:24:02.848350,think,snafu,5
13,2022-01-12 01:24:02.984705,think,cella,9
14,2022-01-12 01:24:03.103321,think,djinn,5
15,2022-01-12 01:24:03.252044,think,geass,5
16,2022-01-12 01:24:03.387488,think,salud,4
17,2022-01-12 01:24:03.528255,think,ayers,4
18,2022-01-12 01:24:03.642630,think,tense,3
19,2022-01-12 01:24:03.759097,think,takis,3
20,2022-01-12 01:24:03.873474,think,whale,4
21,2022-01-12 01:24:03.986772,think,lhasa,4
22,2022-01-12 01:24:04.108627,think,mungo,5
23,2022-01-12 01:24:04.226417,think,fenix,7
24,2022-01-12 01:24:04.352982,think,grown,4
25,2022-01-12 01:24:04.469329,think,motel,5
26,2022-01-12 01:24:04.586746,think,haste,4
27,2022-01-12 01:24:04.735236,think,douro,5
28,2022-01-12 01:24:04.868274,think,upham,4
29,2022-01-12 01:24:04.988398,think,irony,3
30,2022-01-12 01:24:05.112090,think,ficus,3
31,2022-01-12 01:24:05.238747,think,paise,4
32,2022-01-12 01:24:05.385732,think,crocs,6
33,2022-01-12 01:24:05.507327,think,corsi,4
34,2022-01-12 01:24:05.621546,think,swart,6
35,2022-01-12 01:24:05.751469,think,piles,6
36,2022-01-12 01:24:05.889849,think,leroy,4
37,2022-01-12 01:24:06.004534,think,flesh,4
38,2022-01-12 01:24:06.125489,think,piggy,5
39,2022-01-12 01:24:06.240229,think,husky,3
40,2022-01-12 01:24:06.365993,think,dodie,7
41,2022-01-12 01:24:06.492598,think,luann,5
42,2022-01-12 01:24:06.615812,think,asahi,4
43,2022-01-12 01:24:06.756611,think,durga,4
44,2022-01-12 01:24:06.874804,think,phase,4
45,2022-01-12 01:24:07.004176,think,pests,6
46,2022-01-12 01:24:07.135442,think,mansa,6
47,2022-01-12 01:24:07.258990,think,patri,4
48,2022-01-12 01:24:07.417855,think,grill,4
49,2022-01-12 01:24:07.561481,think,wanda,4
50,2022-01-12 01:24:07.714892,think,safer,4
51,2022-01-12 01:24:07.906489,think,greco,5
52,2022-01-12 01:24:08.072307,think,retry,5
53,2022-01-12 01:24:08.212506,think,curve,4
54,2022-01-12 01:24:08.372564,think,mujer,6
55,2022-01-12 01:24:08.529250,think,capps,5
56,2022-01-12 01:24:08.652865,think,hives,5
57,2022-01-12 01:24:08.775120,think,kenai,4
58,2022-01-12 01:24:08.892364,think,brisk,3
59,2022-01-12 01:24:09.016818,think,philp,6
60,2022-01-12 01:24:09.141292,think,patna,5
61,2022-01-12 01:24:09.259505,think,knows,3
62,2022-01-12 01:24:09.395969,think,glens,5
63,2022-01-12 01:24:09.528511,think,civic,4
64,2022-01-12 01:24:09.696963,think,niece,3
65,2022-01-12 01:24:09.840603,think,barça,5
66,2022-01-12 01:24:09.993415,think,celeb,5
67,2022-01-12 01:24:10.108032,think,nuked,4
68,2022-01-12 01:24:10.227820,think,hanky,3
69,2022-01-12 01:24:10.350662,think,pupil,5
70,2022-01-12 01:24:10.490112,think,raper,6
71,2022-01-12 01:24:10.614573,think,vixen,4
72,2022-01-12 01:24:10.741422,think,mixes,4
73,2022-01-12 01:24:10.866538,think,atlee,4
74,2022-01-12 01:24:10.986550,think,tasks,4
75,2022-01-12 01:24:11.102998,think,janky,7
76,2022-01-12 01:24:11.222086,think,quali,4
77,2022-01-12 01:24:11.346700,think,heady,4
78,2022-01-12 01:24:11.471332,think,patna,5
79,2022-01-12 01:24:11.585847,think,lanky,5
80,2022-01-12 01:24:11.704648,think,paisa,3
81,2022-01-12 01:24:11.877370,think,paved,6
82,2022-01-12 01:24:12.000746,think,randy,5
83,2022-01-12 01:24:12.113595,think,shawl,4
84,2022-01-12 01:24:12.328030,think,screw,5
85,2022-01-12 01:24:12.458179,think,janus,6
86,2022-01-12 01:24:12.584991,think,plans,4
87,2022-01-12 01:24:12.719518,think,seren,4
88,2022-01-12 01:24:12.838992,think,chale,6
89,2022-01-12 01:24:12.963513,think,janis,3
90,2022-01-12 01:24:13.083527,think,whoah,4
91,2022-01-12 01:24:13.196184,think,shuri,5
92,2022-01-12 01:24:13.343616,think,valla,7
93,2022-01-12 01:24:13.492025,think,flare,6
94,2022-01-12 01:24:13.644298,think,moise,7
95,2022-01-12 01:24:13.770830,think,hoofs,5
96,2022-01-12 01:24:13.893270,think,tycho,4
97,2022-01-12 01:24:14.009952,think,yokai,4
98,2022-01-12 01:24:14.133843,think,morin,5
99,2022-01-12 01:24:14.265999,think,quaid,4
0,2022-01-12 01:24:14.392783,could,russo,4
1,2022-01-12 01:24:14.511710,could,plato,3
2,2022-01-12 01:24:14.682818,could,faint,6
3,2022-01-12 01:24:14.805387,could,virus,3
4,2022-01-12 01:24:14.925841,could,urine,3
5,2022-01-12 01:24:15.060722,could,zaria,6
6,2022-01-12 01:24:15.175695,could,muddy,4
7,2022-01-12 01:24:15.303307,could,frost,4
8,2022-01-12 01:24:15.440315,could,xviii,4
9,2022-01-12 01:24:15.562498,could,johns,4
10,2022-01-12 01:24:15.687057,could,foxes,7
11,2022-01-12 01:24:15.807354,could,gaunt,5
12,2022-01-12 01:24:15.924564,could,sayid,4
13,2022-01-12 01:24:16.064681,could,mazes,4
14,2022-01-12 01:24:16.182525,could,plows,6
15,2022-01-12 01:24:16.323477,could,maree,6
16,2022-01-12 01:24:16.463635,could,sepia,5
17,2022-01-12 01:24:16.600396,could,botha,7
18,2022-01-12 01:24:16.783001,could,ramus,6
19,2022-01-12 01:24:16.931091,could,gagne,5
20,2022-01-12 01:24:17.059997,could,turin,4
21,2022-01-12 01:24:17.208118,could,thing,4
22,2022-01-12 01:24:17.346654,could,tarik,5
23,2022-01-12 01:24:17.470233,could,omagh,4
24,2022-01-12 01:24:17.612887,could,annex,5
25,2022-01-12 01:24:17.744577,could,hotly,5
26,2022-01-12 01:24:17.889381,could,matzo,5
27,2022-01-12 01:24:18.019230,could,gomer,6
28,2022-01-12 01:24:18.168194,could,karam,6
29,2022-01-12 01:24:18.316413,could,marne,6
30,2022-01-12 01:24:18.431941,could,dowel,3
31,2022-01-12 01:24:18.555935,could,kamal,4
32,2022-01-12 01:24:18.702537,could,vamps,5
33,2022-01-12 01:24:18.857454,could,marat,5
34,2022-01-12 01:24:18.998286,could,karan,5
35,2022-01-12 01:24:19.116247,could,divvy,8
36,2022-01-12 01:24:19.231423,could,citys,5
37,2022-01-12 01:24:19.354106,could,u0000,6
38,2022-01-12 01:24:19.476129,could,rifle,4
39,2022-01-12 01:24:19.630236,could,satya,5
40,2022-01-12 01:24:19.802814,could,wyatt,4
41,2022-01-12 01:24:19.922916,could,valve,4
42,2022-01-12 01:24:20.066179,could,jukes,6
43,2022-01-12 01:24:20.187413,could,hutch,4
44,2022-01-12 01:24:20.312942,could,toddy,4
45,2022-01-12 01:24:20.442508,could,chock,4
46,2022-01-12 01:24:20.574861,could,myung,6
47,2022-01-12 01:24:20.712148,could,solow,6
48,2022-01-12 01:24:20.888354,could,mckee,5
49,2022-01-12 01:24:21.009891,could,aptly,4
50,2022-01-12 01:24:21.154346,could,taman,5
51,2022-01-12 01:24:21.323489,could,petra,4
52,2022-01-12 01:24:21.662266,could,siren,5
53,2022-01-12 01:24:21.817619,could,syrup,4
54,2022-01-12 01:24:21.948281,could,hills,5
55,2022-01-12 01:24:22.103950,could,stain,4
56,2022-01-12 01:24:22.241743,could,ghosh,4
57,2022-01-12 01:24:22.382353,could,dayna,6
58,2022-01-12 01:24:22.532103,could,megyn,4
59,2022-01-12 01:24:22.673098,could,brawl,4
60,2022-01-12 01:24:22.841052,could,windu,5
61,2022-01-12 01:24:23.049711,could,stays,4
62,2022-01-12 01:24:23.396978,could,hoffa,6
63,2022-01-12 01:24:23.703563,could,carne,6
64,2022-01-12 01:24:24.037592,could,lawal,6
65,2022-01-12 01:24:24.795564,could,smits,7
66,2022-01-12 01:24:25.278457,could,stung,4
67,2022-01-12 01:24:25.863501,could,limps,5
68,2022-01-12 01:24:26.288865,could,ewart,4
69,2022-01-12 01:24:26.589378,could,blanc,3
70,2022-01-12 01:24:26.979085,could,eakin,4
71,2022-01-12 01:24:27.203923,could,monae,5
72,2022-01-12 01:24:27.660833,could,volte,5
73,2022-01-12 01:24:27.857933,could,burke,4
74,2022-01-12 01:24:28.287688,could,cotes,9
75,2022-01-12 01:24:28.611114,could,ranch,4
76,2022-01-12 01:24:29.017881,could,hallo,3
77,2022-01-12 01:24:29.373470,could,arion,6
78,2022-01-12 01:24:29.592554,could,ostia,4
79,2022-01-12 01:24:29.879602,could,kissy,6
80,2022-01-12 01:24:30.380550,could,amish,4
81,2022-01-12 01:24:30.632593,could,lance,3
82,2022-01-12 01:24:30.947694,could,mogul,3
83,2022-01-12 01:24:31.150894,could,jesús,4
84,2022-01-12 01:24:31.272433,could,gilts,7
85,2022-01-12 01:24:31.404782,could,smack,6
86,2022-01-12 01:24:31.524769,could,snafu,5
87,2022-01-12 01:24:31.649877,could,cotta,6
88,2022-01-12 01:24:31.789397,could,cubic,4
89,2022-01-12 01:24:31.933307,could,rspca,4
90,2022-01-12 01:24:32.070790,could,small,3
91,2022-01-12 01:24:32.213179,could,peasy,5
92,2022-01-12 01:24:32.340590,could,nbcsn,5
93,2022-01-12 01:24:32.481684,could,megha,5
94,2022-01-12 01:24:32.665422,could,sneha,4
95,2022-01-12 01:24:32.782829,could,fried,4
96,2022-01-12 01:24:32.929769,could,mears,11
97,2022-01-12 01:24:33.049995,could,eugen,4
98,2022-01-12 01:24:33.219883,could,imams,5
99,2022-01-12 01:24:33.369921,could,slave,4
0,2022-01-12 01:24:33.549068,these,ninja,4
1,2022-01-12 01:24:33.668173,these,whirl,4
2,2022-01-12 01:24:33.837919,these,igloo,4
3,2022-01-12 01:24:33.962085,these,pinto,4
4,2022-01-12 01:24:34.080085,these,disco,3
5,2022-01-12 01:24:34.202379,these,lange,4
6,2022-01-12 01:24:34.316768,these,autor,3
7,2022-01-12 01:24:34.605014,these,fryer,6
8,2022-01-12 01:24:34.928332,these,ganon,6
9,2022-01-12 01:24:35.162207,these,burly,5
10,2022-01-12 01:24:35.326870,these,purée,6
11,2022-01-12 01:24:35.540958,these,inoue,5
12,2022-01-12 01:24:35.724789,these,hunky,5
13,2022-01-12 01:24:36.060838,these,trust,2
14,2022-01-12 01:24:36.196000,these,slyke,6
15,2022-01-12 01:24:36.416730,these,mezzo,5
16,2022-01-12 01:24:36.710440,these,boots,6
17,2022-01-12 01:24:36.974133,these,loner,5
18,2022-01-12 01:24:37.190631,these,widow,3
19,2022-01-12 01:24:37.350950,these,dasha,6
20,2022-01-12 01:24:37.467938,these,beach,3
21,2022-01-12 01:24:37.588309,these,probe,5
22,2022-01-12 01:24:37.712906,these,liège,6
23,2022-01-12 01:24:37.938948,these,asari,5
24,2022-01-12 01:24:38.125305,these,heian,5
25,2022-01-12 01:24:38.311425,these,fatma,6
26,2022-01-12 01:24:38.509786,these,tards,6
27,2022-01-12 01:24:38.706564,these,ginny,5
28,2022-01-12 01:24:38.817453,these,hsiao,3
29,2022-01-12 01:24:38.924606,these,yahya,4
30,2022-01-12 01:24:39.050099,these,boggy,5
31,2022-01-12 01:24:39.155982,these,turks,3
32,2022-01-12 01:24:39.276660,these,kabul,4
33,2022-01-12 01:24:39.394463,these,diggs,6
34,2022-01-12 01:24:39.527640,these,kling,4
35,2022-01-12 01:24:39.669718,these,playa,6
36,2022-01-12 01:24:39.797726,these,myers,5
37,2022-01-12 01:24:39.911082,these,essex,4
38,2022-01-12 01:24:40.016796,these,rauch,5
39,2022-01-12 01:24:40.149347,these,abram,5
40,2022-01-12 01:24:40.254753,these,johns,3
41,2022-01-12 01:24:40.369100,these,veils,5
42,2022-01-12 01:24:40.494968,these,shush,5
43,2022-01-12 01:24:40.634317,these,franc,6
44,2022-01-12 01:24:40.771714,these,fabry,5
45,2022-01-12 01:24:40.885761,these,rakes,7
46,2022-01-12 01:24:41.004480,these,sklar,4
47,2022-01-12 01:24:41.117815,these,tires,3
48,2022-01-12 01:24:41.223740,these,barto,5
49,2022-01-12 01:24:41.339063,these,siraj,4
50,2022-01-12 01:24:41.461663,these,sonam,5
51,2022-01-12 01:24:41.611376,these,orrin,5
52,2022-01-12 01:24:41.743300,these,quang,5
53,2022-01-12 01:24:41.875551,these,pavia,5
54,2022-01-12 01:24:42.002570,these,agile,5
55,2022-01-12 01:24:42.126490,these,pinks,7
56,2022-01-12 01:24:42.254451,these,unrwa,4
57,2022-01-12 01:24:42.362878,these,leche,3
58,2022-01-12 01:24:42.524295,these,anbar,5
59,2022-01-12 01:24:42.665137,these,preps,9
60,2022-01-12 01:24:42.803866,these,fawns,8
61,2022-01-12 01:24:42.927782,these,psalm,4
62,2022-01-12 01:24:43.054704,these,coley,6
63,2022-01-12 01:24:43.176915,these,waver,5
64,2022-01-12 01:24:43.349156,these,mikes,7
65,2022-01-12 01:24:43.466121,these,folie,6
66,2022-01-12 01:24:43.599621,these,floyd,5
67,2022-01-12 01:24:43.730840,these,kozak,7
68,2022-01-12 01:24:43.842860,these,rates,2
69,2022-01-12 01:24:43.997686,these,angry,4
70,2022-01-12 01:24:44.110098,these,scope,5
71,2022-01-12 01:24:44.243110,these,incan,6
72,2022-01-12 01:24:44.349695,these,takis,4
73,2022-01-12 01:24:44.467528,these,minds,3
74,2022-01-12 01:24:44.596207,these,saith,4
75,2022-01-12 01:24:44.729379,these,varga,5
76,2022-01-12 01:24:44.836957,these,porto,5
77,2022-01-12 01:24:44.967018,these,dimly,4
78,2022-01-12 01:24:45.094397,these,lambo,5
79,2022-01-12 01:24:45.213883,these,jerez,7
80,2022-01-12 01:24:45.320369,these,radha,5
81,2022-01-12 01:24:45.427732,these,class,2
82,2022-01-12 01:24:45.552653,these,avila,4
83,2022-01-12 01:24:45.670909,these,kelli,4
84,2022-01-12 01:24:45.787726,these,helio,4
85,2022-01-12 01:24:45.908909,these,doren,4
86,2022-01-12 01:24:46.046138,these,panic,4
87,2022-01-12 01:24:46.173127,these,coyne,6
88,2022-01-12 01:24:46.287731,these,taiwo,6
89,2022-01-12 01:24:46.407402,these,fussy,4
90,2022-01-12 01:24:46.533774,these,kneel,5
91,2022-01-12 01:24:46.660807,these,blued,6
92,2022-01-12 01:24:46.830601,these,angie,5
93,2022-01-12 01:24:46.957303,these,codes,4
94,2022-01-12 01:24:47.083864,these,nervy,4
95,2022-01-12 01:24:47.202242,these,götze,6
96,2022-01-12 01:24:47.337002,these,woody,3
97,2022-01-12 01:24:47.462673,these,super,3
98,2022-01-12 01:24:47.582490,these,bodhi,4
99,2022-01-12 01:24:47.750305,these,dunya,4
0,2022-01-12 01:24:47.871718,where,wands,4
1,2022-01-12 01:24:47.989141,where,roast,4
2,2022-01-12 01:24:48.101460,where,mehra,3
3,2022-01-12 01:24:48.241002,where,fails,5
4,2022-01-12 01:24:48.376113,where,cecil,5
5,2022-01-12 01:24:48.508881,where,bused,4
6,2022-01-12 01:24:48.624406,where,board,3
7,2022-01-12 01:24:48.744799,where,sieur,6
8,2022-01-12 01:24:48.868977,where,arlen,5
9,2022-01-12 01:24:48.991794,where,homme,5
10,2022-01-12 01:24:49.127075,where,uncut,4
11,2022-01-12 01:24:49.246542,where,tycho,4
12,2022-01-12 01:24:49.384053,where,nicky,5
13,2022-01-12 01:24:49.498093,where,hegel,4
14,2022-01-12 01:24:49.646605,where,truck,4
15,2022-01-12 01:24:49.756127,where,shack,4
16,2022-01-12 01:24:49.882873,where,axles,6
17,2022-01-12 01:24:50.007651,where,keats,7
18,2022-01-12 01:24:50.141158,where,kitty,5
19,2022-01-12 01:24:50.260213,where,taran,4
20,2022-01-12 01:24:50.376401,where,herds,5
21,2022-01-12 01:24:50.499514,where,ender,5
22,2022-01-12 01:24:50.628335,where,munoz,5
23,2022-01-12 01:24:50.745054,where,dowel,5
24,2022-01-12 01:24:50.891874,where,evert,4
25,2022-01-12 01:24:51.012232,where,tyner,5
26,2022-01-12 01:24:51.122884,where,khris,3
27,2022-01-12 01:24:51.236397,where,hoang,5
28,2022-01-12 01:24:51.349469,where,spira,4
29,2022-01-12 01:24:51.476319,where,picea,6
30,2022-01-12 01:24:51.595723,where,amore,4
31,2022-01-12 01:24:51.717522,where,elect,4
32,2022-01-12 01:24:51.828857,where,niosh,5
33,2022-01-12 01:24:51.948630,where,hager,7
34,2022-01-12 01:24:52.071048,where,gekko,6
35,2022-01-12 01:24:52.209241,where,stack,7
36,2022-01-12 01:24:52.319404,where,fowle,4
37,2022-01-12 01:24:52.536927,where,amato,4
38,2022-01-12 01:24:52.873013,where,moshi,4
39,2022-01-12 01:24:52.982981,where,sways,6
40,2022-01-12 01:24:53.093740,where,match,4
41,2022-01-12 01:24:53.230066,where,edits,4
42,2022-01-12 01:24:53.349856,where,tense,3
43,2022-01-12 01:24:53.482113,where,plonk,5
44,2022-01-12 01:24:53.603689,where,adair,5
45,2022-01-12 01:24:53.741603,where,pathe,6
46,2022-01-12 01:24:53.864055,where,names,5
47,2022-01-12 01:24:53.983448,where,ansar,6
48,2022-01-12 01:24:54.120417,where,clams,4
49,2022-01-12 01:24:54.233643,where,madhu,5
50,2022-01-12 01:24:54.353418,where,bodie,6
51,2022-01-12 01:24:54.469778,where,rinds,5
52,2022-01-12 01:24:54.597714,where,dobbs,4
53,2022-01-12 01:24:54.728032,where,linea,6
54,2022-01-12 01:24:54.841131,where,theme,3
55,2022-01-12 01:24:54.944793,where,wimpy,4
56,2022-01-12 01:24:55.086015,where,berri,9
57,2022-01-12 01:24:55.234983,where,mount,4
58,2022-01-12 01:24:55.377298,where,bando,7
59,2022-01-12 01:24:55.494050,where,shipp,5
60,2022-01-12 01:24:55.672160,where,drogo,4
61,2022-01-12 01:24:55.787991,where,crank,6
62,2022-01-12 01:24:55.941621,where,ivica,6
63,2022-01-12 01:24:56.049015,where,wigan,4
64,2022-01-12 01:24:56.160455,where,barry,6
65,2022-01-12 01:24:56.282033,where,gooey,5
66,2022-01-12 01:24:56.413261,where,dusan,5
67,2022-01-12 01:24:56.525549,where,azura,7
68,2022-01-12 01:24:56.644850,where,bande,6
69,2022-01-12 01:24:56.781147,where,prang,4
70,2022-01-12 01:24:56.908732,where,revis,6
71,2022-01-12 01:24:57.017972,where,richt,3
72,2022-01-12 01:24:57.139048,where,moise,7
73,2022-01-12 01:24:57.272279,where,idiom,4
74,2022-01-12 01:24:57.403112,where,tunis,5
75,2022-01-12 01:24:57.524438,where,crepe,5
76,2022-01-12 01:24:57.650230,where,bronn,8
77,2022-01-12 01:24:57.775633,where,duane,6
78,2022-01-12 01:24:57.922483,where,dalla,5
79,2022-01-12 01:24:58.046354,where,reeve,5
80,2022-01-12 01:24:58.176870,where,eagle,5
81,2022-01-12 01:24:58.326772,where,input,3
82,2022-01-12 01:24:58.461416,where,sites,4
83,2022-01-12 01:24:58.627898,where,fluke,6
84,2022-01-12 01:24:58.755009,where,dasha,5
85,2022-01-12 01:24:58.872642,where,zarif,4
86,2022-01-12 01:24:59.019408,where,dilly,8
87,2022-01-12 01:24:59.157882,where,000bc,6
88,2022-01-12 01:24:59.272702,where,gleam,6
89,2022-01-12 01:24:59.408659,where,stump,7
90,2022-01-12 01:24:59.529082,where,czech,4
91,2022-01-12 01:24:59.655677,where,burge,5
92,2022-01-12 01:24:59.781445,where,erode,6
93,2022-01-12 01:24:59.918280,where,funes,7
94,2022-01-12 01:25:00.043849,where,jerez,6
95,2022-01-12 01:25:00.172491,where,lidar,6
96,2022-01-12 01:25:00.313482,where,vinyl,5
97,2022-01-12 01:25:00.447949,where,bayou,3
98,2022-01-12 01:25:00.607084,where,condé,6
99,2022-01-12 01:25:00.735646,where,gooey,5
0,2022-01-12 01:25:00.854867,right,bokeh,4
1,2022-01-12 01:25:00.983638,right,dewey,3
2,2022-01-12 01:25:01.104032,right,saree,4
3,2022-01-12 01:25:01.212552,right,leahy,4
4,2022-01-12 01:25:01.330482,right,cinna,4
5,2022-01-12 01:25:01.460114,right,ojeda,5
6,2022-01-12 01:25:01.571458,right,rooms,3
7,2022-01-12 01:25:01.686420,right,rogue,3
8,2022-01-12 01:25:01.803092,right,hebdo,4
9,2022-01-12 01:25:01.926863,right,biles,9
10,2022-01-12 01:25:02.045102,right,crete,6
11,2022-01-12 01:25:02.174460,right,booms,5
12,2022-01-12 01:25:02.296460,right,citra,5
13,2022-01-12 01:25:02.425475,right,comer,6
14,2022-01-12 01:25:02.564780,right,mysql,5
15,2022-01-12 01:25:02.686578,right,songs,3
16,2022-01-12 01:25:02.861131,right,samba,5
17,2022-01-12 01:25:02.984535,right,mange,4
18,2022-01-12 01:25:03.124161,right,sanyo,5
19,2022-01-12 01:25:03.244762,right,limps,6
20,2022-01-12 01:25:03.359198,right,refit,3
21,2022-01-12 01:25:03.488268,right,numan,7
22,2022-01-12 01:25:03.599652,right,trike,7
23,2022-01-12 01:25:03.733357,right,maxon,6
24,2022-01-12 01:25:03.847407,right,kerry,7
25,2022-01-12 01:25:03.956576,right,ruler,4
26,2022-01-12 01:25:04.069622,right,april,3
27,2022-01-12 01:25:04.178868,right,dirks,4
28,2022-01-12 01:25:04.311518,right,pansy,5
29,2022-01-12 01:25:04.443093,right,specs,4
30,2022-01-12 01:25:04.566738,right,shall,3
31,2022-01-12 01:25:04.706941,right,sachs,4
32,2022-01-12 01:25:04.823049,right,blair,4
33,2022-01-12 01:25:04.936966,right,kratz,5
34,2022-01-12 01:25:05.049908,right,rinne,5
35,2022-01-12 01:25:05.162236,right,reefs,4
36,2022-01-12 01:25:05.289164,right,zulus,4
37,2022-01-12 01:25:05.401202,right,ahram,5
38,2022-01-12 01:25:05.515918,right,cilic,5
39,2022-01-12 01:25:05.645718,right,pokes,6
40,2022-01-12 01:25:05.760972,right,hudak,4
41,2022-01-12 01:25:05.868939,right,jiggs,6
42,2022-01-12 01:25:05.982890,right,sport,3
43,2022-01-12 01:25:06.100364,right,crook,6
44,2022-01-12 01:25:06.220484,right,olivo,5
45,2022-01-12 01:25:06.330043,right,ethyl,5
46,2022-01-12 01:25:06.465926,right,konan,6
47,2022-01-12 01:25:06.599026,right,jesús,5
48,2022-01-12 01:25:06.725349,right,gaetz,5
49,2022-01-12 01:25:06.845839,right,peary,6
50,2022-01-12 01:25:06.953259,right,taker,4
51,2022-01-12 01:25:07.064113,right,lidia,7
52,2022-01-12 01:25:07.172053,right,augie,4
53,2022-01-12 01:25:07.282262,right,putra,5
54,2022-01-12 01:25:07.413081,right,smoky,5
55,2022-01-12 01:25:07.523242,right,darth,4
56,2022-01-12 01:25:07.635030,right,toyed,5
57,2022-01-12 01:25:07.754336,right,salix,4
58,2022-01-12 01:25:07.865283,right,augur,4
59,2022-01-12 01:25:07.989637,right,cindy,3
60,2022-01-12 01:25:08.130967,right,woods,3
61,2022-01-12 01:25:08.248355,right,gorge,3
62,2022-01-12 01:25:08.367632,right,xhtml,4
63,2022-01-12 01:25:08.505126,right,sousa,4
64,2022-01-12 01:25:08.629395,right,taboo,4
65,2022-01-12 01:25:08.778293,right,abril,6
66,2022-01-12 01:25:08.894895,right,robbo,6
67,2022-01-12 01:25:09.003618,right,varga,4
68,2022-01-12 01:25:09.120697,right,sinus,4
69,2022-01-12 01:25:09.243177,right,tusks,4
70,2022-01-12 01:25:09.380935,right,dayne,5
71,2022-01-12 01:25:09.511455,right,sorel,6
72,2022-01-12 01:25:09.654340,right,pasok,5
73,2022-01-12 01:25:09.770221,right,thane,4
74,2022-01-12 01:25:09.889331,right,gores,7
75,2022-01-12 01:25:10.016323,right,mafia,4
76,2022-01-12 01:25:10.163936,right,nobby,4
77,2022-01-12 01:25:10.287404,right,crepe,7
78,2022-01-12 01:25:10.400770,right,mufti,4
79,2022-01-12 01:25:10.531226,right,joked,7
80,2022-01-12 01:25:10.678108,right,folic,5
81,2022-01-12 01:25:10.806956,right,boggs,4
82,2022-01-12 01:25:10.933807,right,arabi,4
83,2022-01-12 01:25:11.054123,right,filip,6
84,2022-01-12 01:25:11.172084,right,staub,9
85,2022-01-12 01:25:11.322776,right,000am,5
86,2022-01-12 01:25:11.449867,right,barks,6
87,2022-01-12 01:25:11.568259,right,kunst,5
88,2022-01-12 01:25:11.691185,right,kents,7
89,2022-01-12 01:25:11.807184,right,grand,4
90,2022-01-12 01:25:11.944825,right,sonal,5
91,2022-01-12 01:25:12.057777,right,sikhs,4
92,2022-01-12 01:25:12.171840,right,grubs,4
93,2022-01-12 01:25:12.282028,right,athol,4
94,2022-01-12 01:25:12.407307,right,loser,4
95,2022-01-12 01:25:12.534913,right,nader,7
96,2022-01-12 01:25:12.666064,right,thoth,5
97,2022-01-12 01:25:12.800943,right,alaba,6
98,2022-01-12 01:25:12.933518,right,nueva,5
99,2022-01-12 01:25:13.051480,right,baggy,5
0,2022-01-12 01:25:13.171815,years,flare,4
1,2022-01-12 01:25:13.285956,years,thanh,4
2,2022-01-12 01:25:13.390884,years,jstor,3
3,2022-01-12 01:25:13.502530,years,wiped,3
4,2022-01-12 01:25:13.624586,years,layla,4
5,2022-01-12 01:25:13.735496,years,spiny,5
6,2022-01-12 01:25:13.855914,years,sauer,7
7,2022-01-12 01:25:13.960811,years,sensu,3
8,2022-01-12 01:25:14.087610,years,baton,3
9,2022-01-12 01:25:14.200055,years,tubby,6
10,2022-01-12 01:25:14.318227,years,norse,6
11,2022-01-12 01:25:14.440264,years,piece,4
12,2022-01-12 01:25:14.562218,years,convo,6
13,2022-01-12 01:25:14.678664,years,pitty,9
14,2022-01-12 01:25:14.794527,years,blend,4
15,2022-01-12 01:25:14.909409,years,cappy,6
16,2022-01-12 01:25:15.021918,years,dryad,5
17,2022-01-12 01:25:15.134046,years,parka,4
18,2022-01-12 01:25:15.247766,years,harpy,3
19,2022-01-12 01:25:15.359889,years,annes,5
20,2022-01-12 01:25:15.470748,years,bowls,5
21,2022-01-12 01:25:15.605247,years,shota,5
22,2022-01-12 01:25:15.733417,years,dahan,8
23,2022-01-12 01:25:15.854613,years,dildo,4
24,2022-01-12 01:25:16.003717,years,moors,4
25,2022-01-12 01:25:16.119567,years,colic,5
26,2022-01-12 01:25:16.226070,years,daryl,3
27,2022-01-12 01:25:16.337572,years,texas,2
28,2022-01-12 01:25:16.449249,years,aired,4
29,2022-01-12 01:25:16.566244,years,hudak,4
30,2022-01-12 01:25:16.677488,years,aiken,3
31,2022-01-12 01:25:16.818987,years,gülen,7
32,2022-01-12 01:25:16.940802,years,qaida,6
33,2022-01-12 01:25:17.046490,years,robot,3
34,2022-01-12 01:25:17.151985,years,mules,4
35,2022-01-12 01:25:17.260618,years,jemma,5
36,2022-01-12 01:25:17.366436,years,shing,5
37,2022-01-12 01:25:17.488184,years,canoe,4
38,2022-01-12 01:25:17.603219,years,nares,12
39,2022-01-12 01:25:17.707401,years,funny,2
40,2022-01-12 01:25:17.818034,years,baked,3
41,2022-01-12 01:25:17.925308,years,scams,4
42,2022-01-12 01:25:18.038168,years,karna,7
43,2022-01-12 01:25:18.155660,years,ingle,4
44,2022-01-12 01:25:18.275267,years,ehhhh,4
45,2022-01-12 01:25:18.399431,years,degli,4
46,2022-01-12 01:25:18.515353,years,cucks,9
47,2022-01-12 01:25:18.676300,years,campy,4
48,2022-01-12 01:25:18.792585,years,dunya,4
49,2022-01-12 01:25:18.911969,years,jozef,4
50,2022-01-12 01:25:19.017019,years,stott,7
51,2022-01-12 01:25:19.126211,years,pasar,5
52,2022-01-12 01:25:19.237317,years,salas,6
53,2022-01-12 01:25:19.349304,years,mails,5
54,2022-01-12 01:25:19.471654,years,acqua,5
55,2022-01-12 01:25:19.588737,years,dumas,5
56,2022-01-12 01:25:19.707207,years,halen,6
57,2022-01-12 01:25:19.831260,years,toxic,5
58,2022-01-12 01:25:19.936607,years,sense,2
59,2022-01-12 01:25:20.050336,years,blimp,5
60,2022-01-12 01:25:20.160745,years,melds,5
61,2022-01-12 01:25:20.271857,years,yosef,3
62,2022-01-12 01:25:20.388406,years,metre,4
63,2022-01-12 01:25:20.509277,years,trang,4
64,2022-01-12 01:25:20.624339,years,jinny,4
65,2022-01-12 01:25:20.740468,years,snarl,7
66,2022-01-12 01:25:20.851261,years,likey,4
67,2022-01-12 01:25:20.973709,years,movin,5
68,2022-01-12 01:25:21.090948,years,volpe,6
69,2022-01-12 01:25:21.199403,years,kroos,3
70,2022-01-12 01:25:21.341517,years,coded,5
71,2022-01-12 01:25:21.535168,years,asuna,5
72,2022-01-12 01:25:21.657134,years,shore,4
73,2022-01-12 01:25:21.808220,years,abide,4
74,2022-01-12 01:25:21.926024,years,arent,3
75,2022-01-12 01:25:22.053026,years,hoban,6
76,2022-01-12 01:25:22.180248,years,advil,6
77,2022-01-12 01:25:22.294761,years,exons,5
78,2022-01-12 01:25:22.413582,years,telco,5
79,2022-01-12 01:25:22.534874,years,claud,5
80,2022-01-12 01:25:22.660982,years,banta,5
81,2022-01-12 01:25:22.779185,years,sonja,4
82,2022-01-12 01:25:22.888476,years,bulky,4
83,2022-01-12 01:25:23.006909,years,assad,4
84,2022-01-12 01:25:23.115999,years,byrom,4
85,2022-01-12 01:25:23.237678,years,oozes,8
86,2022-01-12 01:25:23.356695,years,ringo,3
87,2022-01-12 01:25:23.476336,years,kesha,3
88,2022-01-12 01:25:23.590997,years,sanaa,5
89,2022-01-12 01:25:23.747036,years,hunch,8
90,2022-01-12 01:25:23.867272,years,silas,5
91,2022-01-12 01:25:23.980229,years,efron,4
92,2022-01-12 01:25:24.104576,years,elbow,4
93,2022-01-12 01:25:24.224667,years,rakhi,5
94,2022-01-12 01:25:24.332095,years,wills,7
95,2022-01-12 01:25:24.447350,years,amira,6
96,2022-01-12 01:25:24.554860,years,gorse,8
97,2022-01-12 01:25:24.669696,years,camps,4
98,2022-01-12 01:25:24.782269,years,behar,4
99,2022-01-12 01:25:24.895213,years,saheb,3
0,2022-01-12 01:25:25.026326,being,hocus,4
1,2022-01-12 01:25:25.142629,being,fiver,6
2,2022-01-12 01:25:25.254736,being,crips,6
3,2022-01-12 01:25:25.387031,being,kathy,5
4,2022-01-12 01:25:25.495187,being,balsa,4
5,2022-01-12 01:25:25.633137,being,elder,5
6,2022-01-12 01:25:25.746721,being,bully,4
7,2022-01-12 01:25:25.868035,being,cover,4
8,2022-01-12 01:25:25.979345,being,osage,5
9,2022-01-12 01:25:26.105242,being,shirt,4
10,2022-01-12 01:25:26.240913,being,joust,4
11,2022-01-12 01:25:26.359909,being,gagne,3
12,2022-01-12 01:25:26.478619,being,tubes,4
13,2022-01-12 01:25:26.607704,being,acres,6
14,2022-01-12 01:25:26.729633,being,swoon,4
15,2022-01-12 01:25:26.841929,being,braai,4
16,2022-01-12 01:25:26.949894,being,orang,4
17,2022-01-12 01:25:27.078662,being,dozed,7
18,2022-01-12 01:25:27.198218,being,adios,6
19,2022-01-12 01:25:27.310886,being,dings,9
20,2022-01-12 01:25:27.419436,being,gombe,3
21,2022-01-12 01:25:27.549883,being,trust,4
22,2022-01-12 01:25:27.675368,being,playa,6
23,2022-01-12 01:25:27.788927,being,bleat,4
24,2022-01-12 01:25:27.918175,being,cruel,5
25,2022-01-12 01:25:28.033226,being,beano,4
26,2022-01-12 01:25:28.145560,being,crumb,4
27,2022-01-12 01:25:28.261015,being,keita,4
28,2022-01-12 01:25:28.372746,being,hobie,4
29,2022-01-12 01:25:28.492464,being,flair,3
30,2022-01-12 01:25:28.603760,being,wedge,5
31,2022-01-12 01:25:28.732972,being,slats,6
32,2022-01-12 01:25:28.855489,being,canto,5
33,2022-01-12 01:25:28.971361,being,butyl,4
34,2022-01-12 01:25:29.090374,being,breed,4
35,2022-01-12 01:25:29.223895,being,flaws,3
36,2022-01-12 01:25:29.358061,being,sorry,3
37,2022-01-12 01:25:29.485594,being,sisko,5
38,2022-01-12 01:25:29.595856,being,buggy,3
39,2022-01-12 01:25:29.716865,being,heaps,6
40,2022-01-12 01:25:29.840462,being,veins,2
41,2022-01-12 01:25:29.950735,being,monks,3
42,2022-01-12 01:25:30.063731,being,gagne,3
43,2022-01-12 01:25:30.170215,being,brush,4
44,2022-01-12 01:25:30.281277,being,twits,4
45,2022-01-12 01:25:30.398574,being,shire,3
46,2022-01-12 01:25:30.517684,being,tsuki,5
47,2022-01-12 01:25:30.647555,being,casca,5
48,2022-01-12 01:25:30.768987,being,mauer,6
49,2022-01-12 01:25:30.895438,being,odors,4
50,2022-01-12 01:25:31.016397,being,dulce,5
51,2022-01-12 01:25:31.130350,being,sorin,7
52,2022-01-12 01:25:31.258812,being,tampa,5
53,2022-01-12 01:25:31.374650,being,moxie,4
54,2022-01-12 01:25:31.499441,being,pushy,5
55,2022-01-12 01:25:31.614355,being,hijra,6
56,2022-01-12 01:25:31.725020,being,gordo,5
57,2022-01-12 01:25:31.846006,being,pukes,8
58,2022-01-12 01:25:31.951982,being,byrom,5
59,2022-01-12 01:25:32.081278,being,naxos,5
60,2022-01-12 01:25:32.207015,being,rowdy,3
61,2022-01-12 01:25:32.318890,being,omani,3
62,2022-01-12 01:25:32.433354,being,fuego,4
63,2022-01-12 01:25:32.553722,being,reign,2
64,2022-01-12 01:25:32.672452,being,windu,4
65,2022-01-12 01:25:32.801321,being,calms,4
66,2022-01-12 01:25:32.927880,being,dulce,5
67,2022-01-12 01:25:33.051729,being,notre,4
68,2022-01-12 01:25:33.184177,being,koryo,4
69,2022-01-12 01:25:33.322375,being,polak,5
70,2022-01-12 01:25:33.496276,being,marty,5
71,2022-01-12 01:25:33.609950,being,celts,6
72,2022-01-12 01:25:33.733888,being,aldus,4
73,2022-01-12 01:25:33.839480,being,zhang,4
74,2022-01-12 01:25:33.965773,being,barts,6
75,2022-01-12 01:25:34.077772,being,brisk,4
76,2022-01-12 01:25:34.204437,being,tamar,6
77,2022-01-12 01:25:34.305485,being,bourg,3
78,2022-01-12 01:25:34.418957,being,totti,5
79,2022-01-12 01:25:34.537810,being,aviva,6
80,2022-01-12 01:25:34.669916,being,spurs,4
81,2022-01-12 01:25:34.798564,being,khadr,5
82,2022-01-12 01:25:34.919744,being,rearm,6
83,2022-01-12 01:25:35.031806,being,000kg,4
84,2022-01-12 01:25:35.160943,being,popes,7
85,2022-01-12 01:25:35.276101,being,taint,4
86,2022-01-12 01:25:35.409354,being,swart,4
87,2022-01-12 01:25:35.533388,being,peels,7
88,2022-01-12 01:25:35.654747,being,dimly,5
89,2022-01-12 01:25:35.773189,being,fiber,2
90,2022-01-12 01:25:35.892088,being,manta,6
91,2022-01-12 01:25:36.021804,being,tapas,6
92,2022-01-12 01:25:36.136227,being,meera,4
93,2022-01-12 01:25:36.247063,being,vigor,4
94,2022-01-12 01:25:36.354810,being,cogan,7
95,2022-01-12 01:25:36.475023,being,focus,3
96,2022-01-12 01:25:36.591740,being,nihon,6
97,2022-01-12 01:25:36.710421,being,tawny,5
98,2022-01-12 01:25:36.832181,being,yancy,6
99,2022-01-12 01:25:36.945022,being,naxos,5
0,2022-01-12 01:25:37.071509,going,joist,5
1,2022-01-12 01:25:37.198281,going,atiku,4
2,2022-01-12 01:25:37.347675,going,jessi,5
3,2022-01-12 01:25:37.486116,going,kerch,6
4,2022-01-12 01:25:37.605407,going,kling,8
5,2022-01-12 01:25:37.720962,going,gluon,4
6,2022-01-12 01:25:37.834668,going,seiji,5
7,2022-01-12 01:25:37.973995,going,pervy,7
8,2022-01-12 01:25:38.101085,going,bills,4
9,2022-01-12 01:25:38.225771,going,bantu,4
10,2022-01-12 01:25:38.345842,going,danks,7
11,2022-01-12 01:25:38.466603,going,nspcc,5
12,2022-01-12 01:25:38.605193,going,sleek,5
13,2022-01-12 01:25:38.714621,going,marne,6
14,2022-01-12 01:25:38.824661,going,maint,6
15,2022-01-12 01:25:38.937860,going,froth,5
16,2022-01-12 01:25:39.069719,going,leafy,6
17,2022-01-12 01:25:39.201598,going,chaff,5
18,2022-01-12 01:25:39.316158,going,ratio,3
19,2022-01-12 01:25:39.434307,going,carol,4
20,2022-01-12 01:25:39.549087,going,muggy,5
21,2022-01-12 01:25:39.666108,going,kamen,4
22,2022-01-12 01:25:39.783769,going,mejia,4
23,2022-01-12 01:25:39.915330,going,scalp,4
24,2022-01-12 01:25:40.040332,going,melty,5
25,2022-01-12 01:25:40.152190,going,resto,5
26,2022-01-12 01:25:40.276232,going,yulia,5
27,2022-01-12 01:25:40.398494,going,sloot,6
28,2022-01-12 01:25:40.515540,going,jumbo,3
29,2022-01-12 01:25:40.644481,going,cares,4
30,2022-01-12 01:25:40.768686,going,lobos,6
31,2022-01-12 01:25:40.909176,going,opals,6
32,2022-01-12 01:25:41.024651,going,gamba,5
33,2022-01-12 01:25:41.134360,going,gotch,7
34,2022-01-12 01:25:41.282370,going,derma,7
35,2022-01-12 01:25:41.419705,going,liter,3
36,2022-01-12 01:25:41.532127,going,nobis,3
37,2022-01-12 01:25:41.655866,going,foray,6
38,2022-01-12 01:25:41.771177,going,talon,4
39,2022-01-12 01:25:41.891102,going,andie,4
40,2022-01-12 01:25:42.014397,going,sound,3
41,2022-01-12 01:25:42.139194,going,ifttt,4
42,2022-01-12 01:25:42.251808,going,conwy,4
43,2022-01-12 01:25:42.386537,going,fahad,6
44,2022-01-12 01:25:42.496156,going,gates,3
45,2022-01-12 01:25:42.615079,going,aimer,8
46,2022-01-12 01:25:42.732396,going,aviva,5
47,2022-01-12 01:25:42.859394,going,wahab,5
48,2022-01-12 01:25:42.989785,going,boron,5
49,2022-01-12 01:25:43.129246,going,snarl,5
50,2022-01-12 01:25:43.255321,going,tashi,4
51,2022-01-12 01:25:43.374309,going,svend,6
52,2022-01-12 01:25:43.491150,going,telos,5
53,2022-01-12 01:25:43.607746,going,élite,5
54,2022-01-12 01:25:43.724026,going,pours,7
55,2022-01-12 01:25:43.843914,going,titus,5
56,2022-01-12 01:25:43.986501,going,rebus,6
57,2022-01-12 01:25:44.105601,going,gatti,5
58,2022-01-12 01:25:44.242384,going,layup,4
59,2022-01-12 01:25:44.350534,going,gauss,4
60,2022-01-12 01:25:44.481984,going,sorta,5
61,2022-01-12 01:25:44.616169,going,warri,5
62,2022-01-12 01:25:44.729979,going,foist,6
63,2022-01-12 01:25:44.858189,going,estab,5
64,2022-01-12 01:25:44.988557,going,falla,11
65,2022-01-12 01:25:45.102388,going,macro,5
66,2022-01-12 01:25:45.228487,going,raked,6
67,2022-01-12 01:25:45.334476,going,gotha,4
68,2022-01-12 01:25:45.447508,going,al2o3,6
69,2022-01-12 01:25:45.576444,going,mazes,6
70,2022-01-12 01:25:45.720386,going,waive,4
71,2022-01-12 01:25:45.917180,going,stott,5
72,2022-01-12 01:25:46.040869,going,smite,6
73,2022-01-12 01:25:46.157305,going,agile,3
74,2022-01-12 01:25:46.292983,going,mealy,6
75,2022-01-12 01:25:46.423432,going,parry,7
76,2022-01-12 01:25:46.541171,going,molto,6
77,2022-01-12 01:25:46.657178,going,jonze,5
78,2022-01-12 01:25:46.775001,going,rails,5
79,2022-01-12 01:25:46.905461,going,klutz,5
80,2022-01-12 01:25:47.012729,going,mongo,6
81,2022-01-12 01:25:47.121202,going,novas,6
82,2022-01-12 01:25:47.236294,going,trips,5
83,2022-01-12 01:25:47.363521,going,freud,6
84,2022-01-12 01:25:47.474084,going,swope,5
85,2022-01-12 01:25:47.585063,going,dooms,5
86,2022-01-12 01:25:47.695226,going,twink,3
87,2022-01-12 01:25:47.810695,going,misty,7
88,2022-01-12 01:25:47.921984,going,panes,5
89,2022-01-12 01:25:48.049269,going,shaka,6
90,2022-01-12 01:25:48.158888,going,prinz,6
91,2022-01-12 01:25:48.272160,going,mylan,5
92,2022-01-12 01:25:48.382373,going,paine,5
93,2022-01-12 01:25:48.536074,going,ahrar,4
94,2022-01-12 01:25:48.658823,going,jowls,6
95,2022-01-12 01:25:48.774059,going,legia,5
96,2022-01-12 01:25:48.889646,going,heros,6
97,2022-01-12 01:25:49.001011,going,astin,6
98,2022-01-12 01:25:49.115150,going,reits,6
99,2022-01-12 01:25:49.247343,going,rufus,5
0,2022-01-12 01:25:49.366909,still,staid,4
1,2022-01-12 01:25:49.480929,still,creat,5
2,2022-01-12 01:25:49.594869,still,tumor,4
3,2022-01-12 01:25:49.707110,still,lynde,4
4,2022-01-12 01:25:49.821410,still,gotze,5
5,2022-01-12 01:25:49.930447,still,pasta,4
6,2022-01-12 01:25:50.064475,still,bajan,5
7,2022-01-12 01:25:50.179349,still,vogel,6
8,2022-01-12 01:25:50.303264,still,taras,6
9,2022-01-12 01:25:50.429709,still,sling,5
10,2022-01-12 01:25:50.553131,still,pavia,5
11,2022-01-12 01:25:50.667419,still,masta,7
12,2022-01-12 01:25:50.781756,still,koala,5
13,2022-01-12 01:25:50.897057,still,lalla,8
14,2022-01-12 01:25:51.012886,still,sebum,4
15,2022-01-12 01:25:51.122096,still,eleni,4
16,2022-01-12 01:25:51.248142,still,woooo,5
17,2022-01-12 01:25:51.358184,still,saleh,5
18,2022-01-12 01:25:51.469764,still,tomes,8
19,2022-01-12 01:25:51.579775,still,brute,4
20,2022-01-12 01:25:51.691268,still,truer,6
21,2022-01-12 01:25:51.795692,still,latte,3
22,2022-01-12 01:25:51.925524,still,furor,6
23,2022-01-12 01:25:52.036568,still,bible,3
24,2022-01-12 01:25:52.146007,still,nurse,4
25,2022-01-12 01:25:52.258048,still,marat,6
26,2022-01-12 01:25:52.374036,still,rudin,6
27,2022-01-12 01:25:52.510611,still,wipro,6
28,2022-01-12 01:25:52.656762,still,kooky,8
29,2022-01-12 01:25:52.768093,still,squid,4
30,2022-01-12 01:25:52.891887,still,xhaka,5
31,2022-01-12 01:25:53.018808,still,cunha,5
32,2022-01-12 01:25:53.147948,still,levey,5
33,2022-01-12 01:25:53.278708,still,chaya,7
34,2022-01-12 01:25:53.388289,still,fotos,5
35,2022-01-12 01:25:53.499806,still,tyger,4
36,2022-01-12 01:25:53.621979,still,000hz,5
37,2022-01-12 01:25:53.761969,still,orman,5
38,2022-01-12 01:25:53.888980,still,balto,5
39,2022-01-12 01:25:54.023460,still,bache,6
40,2022-01-12 01:25:54.134811,still,phlox,4
41,2022-01-12 01:25:54.250830,still,munir,5
42,2022-01-12 01:25:54.363269,still,babys,4
43,2022-01-12 01:25:54.472959,still,boles,9
44,2022-01-12 01:25:54.614625,still,romeo,5
45,2022-01-12 01:25:54.733183,still,hartz,6
46,2022-01-12 01:25:54.849964,still,sores,4
47,2022-01-12 01:25:54.965371,still,annes,6
48,2022-01-12 01:25:55.075460,still,actin,4
49,2022-01-12 01:25:55.212787,still,regan,5
50,2022-01-12 01:25:55.329708,still,sacre,4
51,2022-01-12 01:25:55.443269,still,autor,3
52,2022-01-12 01:25:55.565918,still,godin,5
53,2022-01-12 01:25:55.686409,still,paras,7
54,2022-01-12 01:25:55.801298,still,cutts,5
55,2022-01-12 01:25:55.936422,still,bagan,8
56,2022-01-12 01:25:56.068687,still,moree,7
57,2022-01-12 01:25:56.179434,still,aleph,3
58,2022-01-12 01:25:56.295440,still,tiles,3
59,2022-01-12 01:25:56.409953,still,csiro,4
60,2022-01-12 01:25:56.549478,still,000pp,7
61,2022-01-12 01:25:56.669492,still,tapia,4
62,2022-01-12 01:25:56.786031,still,spent,3
63,2022-01-12 01:25:56.918987,still,verne,6
64,2022-01-12 01:25:57.039627,still,clove,5
65,2022-01-12 01:25:57.155679,still,mossy,5
66,2022-01-12 01:25:57.274670,still,whois,6
67,2022-01-12 01:25:57.385663,still,gloat,5
68,2022-01-12 01:25:57.514420,still,becca,4
69,2022-01-12 01:25:57.624530,still,kunis,4
70,2022-01-12 01:25:57.736141,still,amina,7
71,2022-01-12 01:25:57.861894,still,nueva,5
72,2022-01-12 01:25:57.969966,still,thibs,5
73,2022-01-12 01:25:58.082888,still,darin,6
74,2022-01-12 01:25:58.215703,still,entry,4
75,2022-01-12 01:25:58.322557,still,stole,3
76,2022-01-12 01:25:58.436386,still,mahdi,6
77,2022-01-12 01:25:58.563255,still,arnon,6
78,2022-01-12 01:25:58.706149,still,campo,5
79,2022-01-12 01:25:58.832861,still,inbev,5
80,2022-01-12 01:25:58.963743,still,funke,6
81,2022-01-12 01:25:59.083357,still,wendt,5
82,2022-01-12 01:25:59.221028,still,guang,7
83,2022-01-12 01:25:59.342933,still,potty,5
84,2022-01-12 01:25:59.462895,still,folks,4
85,2022-01-12 01:25:59.609053,still,haque,5
86,2022-01-12 01:25:59.731711,still,icann,3
87,2022-01-12 01:25:59.870374,still,venom,4
88,2022-01-12 01:25:59.992883,still,desks,5
89,2022-01-12 01:26:00.104716,still,sloop,4
90,2022-01-12 01:26:00.218911,still,bigot,4
91,2022-01-12 01:26:00.330045,still,stats,3
92,2022-01-12 01:26:00.442174,still,swett,4
93,2022-01-12 01:26:00.574213,still,bynum,5
94,2022-01-12 01:26:00.685139,still,snuck,6
95,2022-01-12 01:26:00.812639,still,randy,5
96,2022-01-12 01:26:00.935337,still,chubb,6
97,2022-01-12 01:26:01.066831,still,prego,5
98,2022-01-12 01:26:01.185955,still,darth,6
99,2022-01-12 01:26:01.309460,still,metro,4
0,2022-01-12 01:26:01.442110,never,adobe,5
1,2022-01-12 01:26:01.567051,never,sizes,5
2,2022-01-12 01:26:01.682127,never,nasir,4
3,2022-01-12 01:26:01.805088,never,mired,6
4,2022-01-12 01:26:01.923926,never,tardy,4
5,2022-01-12 01:26:02.040643,never,ratio,4
6,2022-01-12 01:26:02.168836,never,babys,5
7,2022-01-12 01:26:02.285894,never,stews,5
8,2022-01-12 01:26:02.414090,never,tusks,5
9,2022-01-12 01:26:02.523033,never,breve,4
10,2022-01-12 01:26:02.634530,never,dryer,5
11,2022-01-12 01:26:02.763894,never,shadi,5
12,2022-01-12 01:26:02.883365,never,ethic,5
13,2022-01-12 01:26:03.006578,never,petri,5
14,2022-01-12 01:26:03.129423,never,priti,5
15,2022-01-12 01:26:03.264136,never,casks,5
16,2022-01-12 01:26:03.393986,never,klopp,5
17,2022-01-12 01:26:03.508816,never,tanka,4
18,2022-01-12 01:26:03.624416,never,raids,4
19,2022-01-12 01:26:03.748028,never,snuff,5
20,2022-01-12 01:26:03.861379,never,grift,4
21,2022-01-12 01:26:03.992060,never,shaka,6
22,2022-01-12 01:26:04.108423,never,whine,6
23,2022-01-12 01:26:04.225637,never,moana,5
24,2022-01-12 01:26:04.336073,never,sever,4
25,2022-01-12 01:26:04.443432,never,vinay,4
26,2022-01-12 01:26:04.568238,never,hotch,5
27,2022-01-12 01:26:04.683911,never,kendo,5
28,2022-01-12 01:26:04.804482,never,marge,5
29,2022-01-12 01:26:04.936006,never,brute,5
30,2022-01-12 01:26:05.047573,never,vixen,3
31,2022-01-12 01:26:05.163378,never,bella,4
32,2022-01-12 01:26:05.281053,never,saute,4
33,2022-01-12 01:26:05.397836,never,jaded,5
34,2022-01-12 01:26:05.519438,never,lobes,6
35,2022-01-12 01:26:05.650383,never,tails,5
36,2022-01-12 01:26:05.764203,never,garda,5
37,2022-01-12 01:26:05.879130,never,ritzy,4
38,2022-01-12 01:26:05.990289,never,gomez,4
39,2022-01-12 01:26:06.119590,never,magma,5
40,2022-01-12 01:26:06.238606,never,gunna,5
41,2022-01-12 01:26:06.363028,never,gumbo,5
42,2022-01-12 01:26:06.474166,never,lewis,3
43,2022-01-12 01:26:06.599040,never,biron,5
44,2022-01-12 01:26:06.714918,never,troth,4
45,2022-01-12 01:26:06.830456,never,grose,6
46,2022-01-12 01:26:06.956390,never,spool,5
47,2022-01-12 01:26:07.072617,never,drams,6
48,2022-01-12 01:26:07.188452,never,wotan,4
49,2022-01-12 01:26:07.304368,never,steal,4
50,2022-01-12 01:26:07.421332,never,kongo,5
51,2022-01-12 01:26:07.553544,never,clamp,5
52,2022-01-12 01:26:07.677193,never,barra,6
53,2022-01-12 01:26:07.802359,never,serio,6
54,2022-01-12 01:26:07.937772,never,swati,5
55,2022-01-12 01:26:08.064684,never,butts,4
56,2022-01-12 01:26:08.186200,never,manta,6
57,2022-01-12 01:26:08.308653,never,ganga,6
58,2022-01-12 01:26:08.417768,never,newly,3
59,2022-01-12 01:26:08.526096,never,veiny,5
60,2022-01-12 01:26:08.640228,never,hauer,6
61,2022-01-12 01:26:08.762666,never,foots,7
62,2022-01-12 01:26:08.881314,never,banff,5
63,2022-01-12 01:26:09.007620,never,audit,4
64,2022-01-12 01:26:09.137887,never,milla,5
65,2022-01-12 01:26:09.270181,never,dogma,6
66,2022-01-12 01:26:09.386615,never,aired,5
67,2022-01-12 01:26:09.507244,never,blued,6
68,2022-01-12 01:26:09.634923,never,litho,5
69,2022-01-12 01:26:09.767436,never,mphil,5
70,2022-01-12 01:26:09.885573,never,hanes,9
71,2022-01-12 01:26:10.020827,never,0000h,5
72,2022-01-12 01:26:10.148306,never,leggy,5
73,2022-01-12 01:26:10.270541,never,sagar,8
74,2022-01-12 01:26:10.385876,never,eaten,4
75,2022-01-12 01:26:10.504100,never,denon,8
76,2022-01-12 01:26:10.623630,never,derma,6
77,2022-01-12 01:26:10.746231,never,tarry,5
78,2022-01-12 01:26:10.877079,never,000th,4
79,2022-01-12 01:26:10.998378,never,yeast,5
80,2022-01-12 01:26:11.136164,never,shoud,4
81,2022-01-12 01:26:11.272132,never,cilla,7
82,2022-01-12 01:26:11.410414,never,alois,5
83,2022-01-12 01:26:11.538236,never,amaze,5
84,2022-01-12 01:26:11.662641,never,cheap,4
85,2022-01-12 01:26:11.796879,never,ficus,4
86,2022-01-12 01:26:11.926726,never,skoda,4
87,2022-01-12 01:26:12.038652,never,devry,3
88,2022-01-12 01:26:12.163786,never,fairs,3
89,2022-01-12 01:26:12.280053,never,sauce,4
90,2022-01-12 01:26:12.408144,never,boils,5
91,2022-01-12 01:26:12.521042,never,caved,6
92,2022-01-12 01:26:12.651519,never,knowl,5
93,2022-01-12 01:26:12.769399,never,santi,5
94,2022-01-12 01:26:12.898925,never,mh000,4
95,2022-01-12 01:26:13.021932,never,crore,4
96,2022-01-12 01:26:13.154469,never,jonjo,7
97,2022-01-12 01:26:13.285994,never,gangs,5
98,2022-01-12 01:26:13.412731,never,ammar,4
99,2022-01-12 01:26:13.553681,never,fouad,5
0,2022-01-12 01:26:13.689946,those,heidi,3
1,2022-01-12 01:26:13.811492,those,piezo,6
2,2022-01-12 01:26:13.938670,those,pizza,4
3,2022-01-12 01:26:14.043202,those,shipp,4
4,2022-01-12 01:26:14.147276,those,lurch,4
5,2022-01-12 01:26:14.259397,those,0000s,4
6,2022-01-12 01:26:14.370984,those,slabs,5
7,2022-01-12 01:26:14.481037,those,favre,6
8,2022-01-12 01:26:14.592467,those,cohen,3
9,2022-01-12 01:26:14.703189,those,punto,4
10,2022-01-12 01:26:14.806202,those,husky,3
11,2022-01-12 01:26:14.912387,those,shall,2
12,2022-01-12 01:26:15.018161,those,sword,3
13,2022-01-12 01:26:15.127878,those,nomad,4
14,2022-01-12 01:26:15.237823,those,sewer,4
15,2022-01-12 01:26:15.347483,those,sours,7
16,2022-01-12 01:26:15.460783,those,zines,10
17,2022-01-12 01:26:15.570053,those,adore,4
18,2022-01-12 01:26:15.682888,those,prude,5
19,2022-01-12 01:26:15.786088,those,tripp,4
20,2022-01-12 01:26:15.895486,those,spake,5
21,2022-01-12 01:26:16.005674,those,mores,8
22,2022-01-12 01:26:16.114714,those,owari,4
23,2022-01-12 01:26:16.221549,those,leach,5
24,2022-01-12 01:26:16.354402,those,marca,5
25,2022-01-12 01:26:16.497453,those,00mpg,5
26,2022-01-12 01:26:16.655305,those,bubby,9
27,2022-01-12 01:26:16.781938,those,fatah,4
28,2022-01-12 01:26:16.899863,those,grips,4
29,2022-01-12 01:26:17.009269,those,milks,6
30,2022-01-12 01:26:17.112802,those,froch,4
31,2022-01-12 01:26:17.231091,those,bowes,7
32,2022-01-12 01:26:17.346734,those,squid,3
33,2022-01-12 01:26:17.453238,those,shias,4
34,2022-01-12 01:26:17.570503,those,brung,6
35,2022-01-12 01:26:17.692120,those,kunar,5
36,2022-01-12 01:26:17.810309,those,acura,4
37,2022-01-12 01:26:17.916496,those,katra,7
38,2022-01-12 01:26:18.024126,those,snake,3
39,2022-01-12 01:26:18.146228,those,byram,4
40,2022-01-12 01:26:18.257950,those,rigor,5
41,2022-01-12 01:26:18.364901,those,inert,4
42,2022-01-12 01:26:18.472655,those,sites,3
43,2022-01-12 01:26:18.589779,those,gazza,5
44,2022-01-12 01:26:18.708830,those,motes,4
45,2022-01-12 01:26:18.832096,those,marci,6
46,2022-01-12 01:26:18.936322,those,shank,5
47,2022-01-12 01:26:19.049627,those,indie,5
48,2022-01-12 01:26:19.158686,those,serve,3
49,2022-01-12 01:26:19.272992,those,wanes,9
50,2022-01-12 01:26:19.394747,those,loewe,6
51,2022-01-12 01:26:19.518910,those,seeps,6
52,2022-01-12 01:26:19.633680,those,diode,5
53,2022-01-12 01:26:19.751777,those,gully,4
54,2022-01-12 01:26:19.866732,those,rerum,6
55,2022-01-12 01:26:19.976673,those,anjou,4
56,2022-01-12 01:26:20.087021,those,deers,8
57,2022-01-12 01:26:20.192404,those,feted,3
58,2022-01-12 01:26:20.297729,those,bratt,6
59,2022-01-12 01:26:20.414572,those,pliny,4
60,2022-01-12 01:26:20.530088,those,fedex,5
61,2022-01-12 01:26:20.639654,those,posit,3
62,2022-01-12 01:26:20.750713,those,spake,5
63,2022-01-12 01:26:20.862608,those,theis,2
64,2022-01-12 01:26:20.965616,those,philp,4
65,2022-01-12 01:26:21.082996,those,idgaf,4
66,2022-01-12 01:26:21.192417,those,wares,7
67,2022-01-12 01:26:21.328055,those,nappy,6
68,2022-01-12 01:26:21.534450,those,cordy,6
69,2022-01-12 01:26:21.691344,those,potro,4
70,2022-01-12 01:26:21.814589,those,orman,5
71,2022-01-12 01:26:21.960134,those,maxim,6
72,2022-01-12 01:26:22.096716,those,cards,4
73,2022-01-12 01:26:22.215159,those,heels,3
74,2022-01-12 01:26:22.350865,those,mucho,3
75,2022-01-12 01:26:22.469499,those,deary,5
76,2022-01-12 01:26:22.731679,those,kapil,6
77,2022-01-12 01:26:22.916301,those,altos,4
78,2022-01-12 01:26:23.233598,those,haris,6
79,2022-01-12 01:26:23.493132,those,tasso,3
80,2022-01-12 01:26:23.671043,those,erisa,5
81,2022-01-12 01:26:23.935978,those,gómez,5
82,2022-01-12 01:26:24.238392,those,nukem,6
83,2022-01-12 01:26:24.580748,those,loach,5
84,2022-01-12 01:26:25.086909,those,cuppa,4
85,2022-01-12 01:26:25.418727,those,reels,5
86,2022-01-12 01:26:25.632795,those,tying,3
87,2022-01-12 01:26:25.918259,those,honda,3
88,2022-01-12 01:26:26.289959,those,voted,3
89,2022-01-12 01:26:26.676641,those,lgbtq,4
90,2022-01-12 01:26:27.202049,those,sauer,7
91,2022-01-12 01:26:27.575781,those,hypno,5
92,2022-01-12 01:26:27.777266,those,nomad,4
93,2022-01-12 01:26:28.175211,those,filet,4
94,2022-01-12 01:26:28.505136,those,rigid,3
95,2022-01-12 01:26:28.771795,those,isham,6
96,2022-01-12 01:26:29.020462,those,hypes,3
97,2022-01-12 01:26:29.239482,those,picks,3
98,2022-01-12 01:26:29.571786,those,crony,5
99,2022-01-12 01:26:29.783655,those,mists,5
0,2022-01-12 01:26:30.056195,world,rashi,5
1,2022-01-12 01:26:30.463221,world,civic,4
2,2022-01-12 01:26:30.799961,world,froth,5
3,2022-01-12 01:26:30.958817,world,kiddo,3
4,2022-01-12 01:26:31.221218,world,biffy,6
5,2022-01-12 01:26:31.582317,world,awacs,5
6,2022-01-12 01:26:31.844401,world,azeem,5
7,2022-01-12 01:26:32.262141,world,lodge,3
8,2022-01-12 01:26:32.594731,world,boxer,7
9,2022-01-12 01:26:32.939577,world,quorn,5
10,2022-01-12 01:26:33.446038,world,belay,5
11,2022-01-12 01:26:33.801349,world,genji,5
12,2022-01-12 01:26:34.099926,world,nudes,4
13,2022-01-12 01:26:34.413668,world,weise,5
14,2022-01-12 01:26:34.766435,world,wests,4
15,2022-01-12 01:26:34.892226,world,aroma,7
16,2022-01-12 01:26:35.012994,world,strut,3
17,2022-01-12 01:26:35.140901,world,elton,3
18,2022-01-12 01:26:35.292496,world,gangs,4
19,2022-01-12 01:26:35.545782,world,cheol,4
20,2022-01-12 01:26:35.951816,world,00mpg,5
21,2022-01-12 01:26:36.089753,world,munro,5
22,2022-01-12 01:26:36.227483,world,stank,3
23,2022-01-12 01:26:36.364155,world,wagga,4
24,2022-01-12 01:26:36.541161,world,sleet,5
25,2022-01-12 01:26:36.674756,world,alton,3
26,2022-01-12 01:26:36.850988,world,capes,8
27,2022-01-12 01:26:36.973928,world,berra,6
28,2022-01-12 01:26:37.098167,world,hacer,7
29,2022-01-12 01:26:37.207745,world,hilda,3
30,2022-01-12 01:26:37.354259,world,niche,4
31,2022-01-12 01:26:37.527425,world,rodeo,3
32,2022-01-12 01:26:37.663199,world,given,4
33,2022-01-12 01:26:37.771582,world,wider,2
34,2022-01-12 01:26:37.888874,world,trice,9
35,2022-01-12 01:26:38.005132,world,aurea,6
36,2022-01-12 01:26:38.135855,world,cutie,5
37,2022-01-12 01:26:38.251943,world,mopey,5
38,2022-01-12 01:26:38.366605,world,tried,3
39,2022-01-12 01:26:38.479446,world,calli,7
40,2022-01-12 01:26:38.593355,world,cocoa,5
41,2022-01-12 01:26:38.707609,world,theon,4
42,2022-01-12 01:26:38.832559,world,micky,5
43,2022-01-12 01:26:38.948830,world,phony,4
44,2022-01-12 01:26:39.058411,world,tower,3
45,2022-01-12 01:26:39.186453,world,pacts,5
46,2022-01-12 01:26:39.293305,world,mundo,4
47,2022-01-12 01:26:39.466712,world,plage,5
48,2022-01-12 01:26:39.741983,world,needs,3
49,2022-01-12 01:26:39.858982,world,ramey,5
50,2022-01-12 01:26:39.990812,world,cages,6
51,2022-01-12 01:26:40.100121,world,dirty,3
52,2022-01-12 01:26:40.248345,world,munna,5
53,2022-01-12 01:26:40.378208,world,dansk,4
54,2022-01-12 01:26:40.494817,world,jerry,4
55,2022-01-12 01:26:40.607816,world,terms,3
56,2022-01-12 01:26:40.720994,world,goran,5
57,2022-01-12 01:26:40.849868,world,goats,4
58,2022-01-12 01:26:40.961051,world,redid,5
59,2022-01-12 01:26:41.075575,world,bulky,5
60,2022-01-12 01:26:41.186569,world,tonka,7
61,2022-01-12 01:26:41.300335,world,surya,5
62,2022-01-12 01:26:41.440223,world,total,3
63,2022-01-12 01:26:41.592350,world,html5,3
64,2022-01-12 01:26:41.722299,world,caper,6
65,2022-01-12 01:26:41.838596,world,nikon,6
66,2022-01-12 01:26:41.953919,world,coral,3
67,2022-01-12 01:26:42.081823,world,hacks,3
68,2022-01-12 01:26:42.208887,world,hakan,4
69,2022-01-12 01:26:42.314604,world,wyden,3
70,2022-01-12 01:26:42.424670,world,embed,3
71,2022-01-12 01:26:42.557824,world,slats,5
72,2022-01-12 01:26:42.670813,world,ellen,5
73,2022-01-12 01:26:42.800408,world,amity,5
74,2022-01-12 01:26:42.919473,world,bijou,4
75,2022-01-12 01:26:43.047868,world,bantu,4
76,2022-01-12 01:26:43.156076,world,owari,3
77,2022-01-12 01:26:43.284459,world,huffs,6
78,2022-01-12 01:26:43.416864,world,maxie,6
79,2022-01-12 01:26:43.535645,world,prune,5
80,2022-01-12 01:26:43.650463,world,stood,3
81,2022-01-12 01:26:43.767250,world,dupes,6
82,2022-01-12 01:26:43.893080,world,taxed,6
83,2022-01-12 01:26:44.018950,world,bundt,5
84,2022-01-12 01:26:44.158098,world,tante,4
85,2022-01-12 01:26:44.293175,world,busts,5
86,2022-01-12 01:26:44.435345,world,mayan,5
87,2022-01-12 01:26:44.552235,world,dinky,4
88,2022-01-12 01:26:44.676315,world,talib,6
89,2022-01-12 01:26:44.783364,world,pawar,3
90,2022-01-12 01:26:44.896785,world,actor,3
91,2022-01-12 01:26:45.028191,world,sines,4
92,2022-01-12 01:26:45.140642,world,italo,5
93,2022-01-12 01:26:45.278498,world,ahhhh,4
94,2022-01-12 01:26:45.430738,world,oozes,9
95,2022-01-12 01:26:45.545986,world,scola,6
96,2022-01-12 01:26:45.666638,world,chair,3
97,2022-01-12 01:26:45.809384,world,shing,7
98,2022-01-12 01:26:45.949557,world,0000t,5
99,2022-01-12 01:26:46.078787,world,ligue,4
